X,player_name,salary,season
1928,raymond felton,1471382,2018
783,kelly oubre jr.,1920240,2016
721,brandon bass,3000000,2016
1977,alfonzo mckinnie,1378242,2018
2248,thaddeus young,13964045,2019
543,goran dragic,14783000,2016
2809,cj miles,8333333,2020
710,drew gooden,3300000,2016
2220,goran dragic,18109175,2019
1410,sasha vujacic,980431,2017
854,james anderson,1015421,2016
2994,jacob evans,1925880,2020
85,goran dragic,7500000,2015
643,mirza teletovic,5500000,2016
2351,ben mclemore,5460000,2019
2990,tony bradley,1962360,2020
216,julius randle,2997360,2015
2291,danny green,10000000,2019
1895,terrance ferguson,1785000,2018
847,henry walker,1100602,2016
2061,nick johnson,874636,2018
735,furkan aldemir,2836768,2016
638,martell webster,5613500,2016
1804,nerlens noel,4187599,2018
1708,al jefferson,10000000,2018
353,jason maxiell,915243,2015
2278,omer asik,11286516,2019
1908,jeff withey,1577230,2018
594,ryan anderson,8500000,2016
645,deron williams,5378974,2016
2839,jabari parker,6500000,2020
485,bernard james,236886,2015
2960,grant williams,2379840,2020
1021,al horford,26540100,2017
91,kyrie irving,7070730,2015
618,ed davis,6980802,2016
138,nick young,4994420,2015
1855,gary harris,2550055,2018
2937,t.j. leaf,2813280,2020
3075,dwyane wade,1512601,2020
3142,ignas brazdeikis,898310,2020
1730,vince carter,8000000,2018
1314,adreian payne,2022240,2017
893,luc mbah a moute,947276,2016
308,melvin ely,1316809,2015
2053,robert sacre,980431,2018
2753,dewayne dedmon,13333333,2020
2308,markelle fultz,8339880,2019
701,nerlens noel,3457800,2016
476,lance thomas,403784,2015
3008,dragan bender,1678854,2020
96,kevin martin,6792500,2015
231,mike miller,2732000,2015
2672,kawhi leonard,32742000,2020
2,joe johnson,23180790,2015
438,jarnell stokes,725000,2015
2148,georgios papagiannis,185397,2018
2502,richaun holmes,1600520,2019
832,rudy gobert,1175880,2016
209,joel freeland,3013512,2015
2681,damian lillard,29802321,2020
845,wesley johnson,1100602,2016
1945,chris mccullough,1471382,2018
2701,steven adams,25842697,2020
1031,harrison barnes,22116750,2017
2173,gordon hayward,31214295,2019
2316,cory joseph,7945000,2019
1328,henry ellenson,1704120,2017
730,brian roberts,2854940,2016
70,marcus thornton,8575000,2015
3076,nigel williams-goss,1500000,2020
2237,eric bledsoe,15000000,2019
2946,deandre' bembry,2603982,2020
1293,tony snell,2368327,2017
263,zach lavine,2055840,2015
827,jarell martin,1230840,2016
2723,julius randle,18000000,2020
2369,jonathan isaac,4969080,2019
3084,theo pinson,1445697,2020
2368,kyle singler,4996000,2019
2350,de'aaron fox,5470920,2019
2037,john lucas iii,980431,2018
250,reggie jackson,2204369,2015
2991,keldon johnson,1950600,2020
362,ekpe udoh,915243,2015
1173,tarik black,6191000,2017
1645,tim hardaway jr.,17325000,2018
2205,aaron gordon,21590909,2019
381,jae crowder,915243,2015
202,dorell wright,3150000,2015
2229,jonas valanciunas,16539326,2019
1192,luis scola,5500000,2017
661,timofey mozgov,4950000,2016
823,cartier martin,1270964,2016
1442,robert sacre,980431,2017
370,quincy acy,915243,2015
2044,pablo prigioni,980431,2018
2918,romeo langford,3458400,2020
175,jonas valanciunas,3678360,2015
166,mario chalmers,4000000,2015
617,lou williams,7000000,2016
46,andrea bargnani,11500000,2015
2017,semi ojeleye,1291892,2018
1670,thaddeus young,13964045,2018
754,michael carter-williams,2399040,2016
944,cameron bairstow,845059,2016
317,pero antic,1250000,2015
276,jeff ayres,1828750,2015
1061,evan turner,16393443,2017
110,gerald henderson,6000000,2015
2682,kevin love,28942830,2020
437,hassan whiteside,769881,2015
2729,bismack biyombo,17000000,2020
294,miroslav raduljica,1500000,2015
1312,tim frazier,2090000,2017
446,russ smith,507336,2015
3009,cheick diallo,1678854,2020
2732,gorgui dieng,16229213,2020
239,austin rivers,2439840,2015
2808,p.j. tucker,8349039,2020
804,shane larkin,1500000,2016
2331,boban marjanovic,7000000,2019
83,boris diaw,7500000,2015
3147,max strus,898310,2020
2129,nikola jovanovic,543471,2018
355,omri casspi,915243,2015
1523,julian jacobs,543471,2017
1148,channing frye,7806971,2017
1550,cat barber,543471,2017
607,avery bradley,7730337,2016
2884,jamal murray,4444746,2020
2150,travis wear,148318,2018
2733,ricky rubio,16200000,2020
2709,danilo gallinari,22615559,2020
1938,mario chalmers,1471382,2018
1075,jonas valanciunas,14382023,2017
610,pau gasol,7448760,2016
1242,quincy pondexter,3617978,2017
2151,ray mccallum,121112,2018
2097,thomas bryant,815615,2018
2124,zach auguste,543471,2018
68,trevor ariza,8579089,2015
1067,pau gasol,15500000,2017
641,josh mcroberts,5543725,2016
660,chris andersen,5000000,2016
43,al horford,12000000,2015
1899,spencer dinwiddie,1656092,2018
1717,gerald henderson,9000000,2018
2618,bruce brown,838464,2019
1102,kemba walker,12000000,2017
492,jordan hamilton,150591,2015
1997,yogi ferrell,1312611,2018
1750,langston galloway,7000000,2018
1357,jarell martin,1286160,2017
2687,joel embiid,27504630,2020
707,paul pierce,3376000,2016
2336,luka doncic,6560640,2019
455,glenn robinson iii,507336,2015
998,kevin martin,200600,2016
27,demarcus cousins,14746000,2015
2910,danuel house jr.,3540000,2020
877,grant jerrett,947276,2016
145,kostas papanikolaou,4797664,2015
927,jack cooley,845059,2016
3134,david nwaba,903111,2020
691,marreese speights,3815000,2016
51,danilo gallinari,10854850,2015
894,chuck hayes,947276,2016
3001,markieff morris,1750000,2020
1040,nicolas batum,20869566,2017
3109,yante maten,1416852,2020
1232,james johnson,4000000,2017
2531,raymond felton,1512601,2019
2230,gary harris,16517857,2019
1830,doug mcdermott,3294994,2018
2555,ian clark,1512601,2019
2174,kyle lowry,31200000,2019
468,pierre jackson,507336,2015
2327,dewayne dedmon,7200000,2019
671,jared dudley,4375000,2016
2582,jordan bell,1378242,2019
2212,zach lavine,19500000,2019
2383,emmanuel mudiay,4294480,2019
2270,will barton,11830358,2019
125,chris andersen,5375000,2015
160,thabo sefolosha,4150000,2015
545,tristan thompson,14260870,2016
1721,jamychal green,8533333,2018
2792,matthew dellavedova,9607500,2020
2118,derek cooke jr.,543471,2018
2973,willie cauley-stein,2177483,2020
794,sam dekker,1646400,2016
137,brandan wright,5000000,2015
130,josh mcroberts,5305000,2015
1767,milos teodosic,6000000,2018
352,jeffery taylor,915243,2015
97,jj redick,6792500,2015
1787,dante exum,4992385,2018
779,kent bazemore,2000000,2016
1852,domantas sabonis,2659800,2018
1160,lou williams,7000000,2017
1165,jeremy lamb,6511628,2017
1190,jared sullinger,5628000,2017
1077,thaddeus young,14153652,2017
2941,lonnie walker iv,2689920,2020
2851,rodney hood,5718000,2020
1373,rakeem christmas,1052342,2017
2141,joe johnson,473835,2018
821,tyus jones,1282080,2016
2014,nicolas brussino,1312611,2018
3131,admiral schofield,1000000,2020
489,michael beasley,195440,2015
1572,troy williams,76725,2017
286,james young,1674480,2015
2935,bryn forbes,2875000,2020
421,dewayne dedmon,816482,2015
2678,khris middleton,30603448,2020
1501,kyle collinsworth,543471,2017
3025,patrick patterson,1620564,2020
1198,brandon ingram,5281680,2017
2654,yante maten,18948,2019
535,john wall,15851950,2016
1702,robert covington,10464092,2018
2528,shelvin mack,1512601,2019
557,tyson chandler,13000000,2016
2152,manny harris,115344,2018
1254,kj mcdaniels,3333333,2017
2992,derrick white,1948080,2020
2008,sheldon mac,1312611,2018
2903,tyler herro,3640200,2020
333,archie goodwin,1112280,2015
1726,markelle fultz,8339880,2018
2629,john jenkins,486520,2019
1170,marco belinelli,6333333,2017
971,t.j. mcconnell,525093,2016
9,rudy gay,19317326,2015
221,kawhi leonard,2894059,2015
720,jerryd bayless,3000000,2016
1664,ricky rubio,14275000,2018
2454,john collins,2299080,2019
797,sergey karasev,1599840,2016
1268,dante cunningham,2978250,2017
2878,garrett temple,4767000,2020
799,jerian grant,1572360,2016
1959,caleb swanigan,1465920,2018
953,pat connaughton,625093,2016
816,rondae hollis-jefferson,1335480,2016
3078,alfonzo mckinnie,1500000,2020
2400,justise winslow,3448926,2019
865,hassan whiteside,981348,2016
1241,kentavious caldwell-pope,3678319,2017
2562,frank jackson,1378242,2019
306,mason plumlee,1357080,2015
334,nemanja nedovic,1104240,2015
1663,robin lopez,14357750,2018
2019,abdel nader,1167333,2018
695,kyle o'quinn,3750000,2016
10,kevin durant,18995624,2015
1181,karl-anthony towns,5960160,2017
1229,jordan hill,4000000,2017
681,devin harris,4053446,2016
107,robin lopez,6124729,2015
389,jared cunningham,915243,2015
1151,corey brewer,7612172,2017
1743,festus ezeli,7400000,2018
1158,rodney stuckey,7000000,2017
2939,malik beasley,2731714,2020
1799,greivis vasquez,4347826,2018
325,miles plumlee,1169880,2015
1274,dion waiters,2898000,2017
1204,jonas jerebko,5000000,2017
1348,rondae hollis-jefferson,1395600,2017
795,lance thomas,1636842,2016
1407,damjan rudez,980431,2017
2873,frank kaminsky,4767000,2020
3051,frank jackson,1618520,2020
2054,will bynum,980431,2018
1577,alonzo gee,57672,2017
2974,anfernee simons,2149560,2020
1027,dwight howard,23180275,2017
2961,jarrett allen,2376840,2020
1853,jerian grant,2639314,2018
2744,luke babbitt,14651700,2020
905,justin holiday,947276,2016
1488,andrew andrews,543471,2017
2783,dwight powell,10259375,2020
2738,dennis schroder,15500000,2020
2318,jamychal green,7666667,2019
2494,jacob evans,1644240,2019
104,jarrett jack,6300000,2015
578,monta ellis,10300000,2016
2311,shaun livingston,8307692,2019
2560,dillon brooks,1378242,2019
368,diante garrett,915243,2015
3118,david stockton,1378242,2020
746,frank kaminsky,2612520,2016
2357,dwight howard,5337000,2019
2088,isaiah briscoe,815615,2018
379,khris middleton,915243,2015
2742,marcus morris sr.,15000000,2020
375,jarvis varnado,915243,2015
1469,jordan mcrae,874636,2017
2184,jrue holiday,25976111,2019
4,dwight howard,21436271,2015
2593,shaquille harrison,1311265,2019
338,xavier henry,1082000,2015
1199,kyle korver,5239437,2017
1335,david lee,1551659,2017
2490,julyan stone,1656092,2019
3040,gerald green,1620564,2020
1297,dario saric,2318280,2017
931,cleanthony early,845059,2016
2831,de'andre hunter,7068360,2020
129,shaun livingston,5305000,2015
1800,jamal crawford,4328000,2018
2677,kyrie irving,31742000,2020
2635,andrew bogut,307648,2019
2569,ivan rabb,1378242,2019
2227,bismack biyombo,17000000,2019
1441,ian clark,980431,2017
939,langston galloway,845059,2016
734,stanley johnson,2841960,2016
81,ersan ilyasova,7900000,2015
2793,dante exum,9600000,2020
2743,clint capela,14896552,2020
57,jrue holiday,9904495,2015
1809,jonas jerebko,4000000,2018
568,andre iguodala,11710456,2016
952,norman powell,650000,2016
1436,robbie hummel,980431,2017
1857,d.j. wilson,2534280,2018
1674,tyson chandler,13000000,2018
725,tibor pleiss,2900000,2016
482,kendrick perkins,274573,2015
330,rudy gobert,1127400,2015
2995,dzanan musa,1911600,2020
2606,brad wanamaker,838464,2019
1424,jakarr sampson,980431,2017
503,tim frazier,59686,2015
1053,wesley matthews,17145838,2017
2750,marcin gortat,13565218,2020
1146,tyler zeller,8000000,2017
1711,matthew dellavedova,9607500,2018
820,shabazz napier,1294440,2016
392,doron lamb,915243,2015
602,jeff teague,8000000,2016
3018,derrick jones jr.,1645357,2020
1494,brady heslip,543471,2017
2418,terry rozier,3050390,2019
2355,marcus morris sr.,5375000,2019
2813,elfrid payton,8000000,2020
505,austin daye,53838,2015
2258,nikola vucevic,12750000,2019
1282,aaron brooks,2700000,2017
580,gerald wallace,10105855,2016
2819,jayson tatum,7830000,2020
1892,henry ellenson,1857480,2018
2927,zhaire smith,3058800,2020
536,demarcus cousins,15851950,2016
1134,ersan ilyasova,8400000,2017
2570,damyean dotson,1378242,2019
2529,omri casspi,1512601,2019
2036,toure' murry,980431,2018
1797,devin harris,4402546,2018
2423,jakob poeltl,2947320,2019
1249,buddy hield,3517200,2017
256,jordan farmar,2077000,2015
3111,jaylen nowell,1400000,2020
2080,rashawn thomas,815615,2018
2638,jimmer fredette,208509,2019
3060,mitchell robinson,1599712,2020
2845,wesley johnson,6134520,2020
2705,chandler parsons,25102511,2020
1315,kelly oubre jr.,2006640,2017
1807,leandro barbosa,4000000,2018
510,kobe bryant,25000000,2016
2074,dillon brooks,815615,2018
1235,mario hezonja,3909840,2017
1277,tomas satoransky,2870813,2017
1495,e.j. singler,543471,2017
2980,caleb swanigan,2033160,2020
818,tim hardaway jr.,1304520,2016
494,toney douglas,107676,2015
67,mike conley,8694216,2015
634,karl-anthony towns,5703600,2016
2970,luke kornet,2250000,2020
2948,harry giles iii,2578800,2020
1710,meyers leonard,9904495,2018
2273,marcus smart,11660716,2019
696,mario hezonja,3741480,2016
2083,matt jones,815615,2018
682,lavoy allen,4050000,2016
171,devin harris,3878896,2015
1565,chasson randle,143860,2017
449,erick green,507336,2015
590,lance stephenson,9000000,2016
236,noah vonleh,2524200,2015
2745,danny green,14634146,2020
3127,carsen edwards,1228026,2020
2675,gordon hayward,32700690,2020
2249,clint capela,13793104,2019
2791,john henson,9732396,2020
2919,bam adebayo,3454080,2020
127,spencer hawes,5305000,2015
2464,terrance ferguson,2118840,2019
2375,kyle o'quinn,4449000,2019
700,will barton,3533333,2016
3135,dewan hernandez,898310,2020
1998,dequan jones,1312611,2018
1785,dirk nowitzki,5000000,2018
1697,patty mills,10714286,2018
1814,willie cauley-stein,3704160,2018
1910,caron butler,1551659,2018
2966,dejounte murray,2321735,2020
1482,aj hammons,650000,2017
520,brook lopez,19689000,2016
1647,evan turner,17131148,2018
270,john henson,1987320,2015
2568,abdel nader,1378242,2019
1527,tim quarterman,543471,2017
595,brandon jennings,8344497,2016
1950,salah mejri,1471382,2018
1941,luc mbah a moute,1471382,2018
447,brady heslip,507336,2015
974,aaron harrison,525093,2016
1530,cameron jones,543471,2017
1118,al jefferson,10314532,2017
2181,damian lillard,27977689,2019
1504,richard solomon,543471,2017
2735,brandon knight,15643750,2020
2386,glenn robinson iii,4075000,2019
2634,pau gasol,333285,2019
1690,kemba walker,12000000,2018
1509,ryan arcidiacono,543471,2017
2043,shayne whittington,980431,2018
1948,donald sloan,1471382,2018
599,channing frye,8193029,2016
50,larry sanders,11000000,2015
571,thaddeus young,11235955,2016
2416,bryn forbes,3125000,2019
776,t.j. warren,2041080,2016
2239,ricky rubio,14975000,2019
1362,larry nance jr.,1207680,2017
2049,jorge gutierrez,980431,2018
2021,john jenkins,1050961,2018
2663,russell westbrook,38506482,2020
1754,jae crowder,6796117,2018
1137,e'twaun moore,8081363,2017
1684,nikola mirotic,12500000,2018
1589,stephen curry,37457154,2018
1358,brice johnson,1273920,2017
274,giannis antetokounmpo,1873200,2015
926,tyler johnson,845059,2016
82,tayshaun prince,7707865,2015
1189,tyler johnson,5628000,2017
377,aaron brooks,915243,2015
2153,tim quarterman,96406,2018
3011,julyan stone,1656092,2020
788,james young,1749840,2016
2930,ryan arcidiacono,3000000,2020
2795,delon wright,9473684,2020
182,darrell arthur,3457149,2015
1237,thabo sefolosha,3850000,2017
1207,kyle singler,4837500,2017
2982,mike muscala,2028594,2020
2107,rasheed sulaimon,543471,2018
623,carl landry,6500000,2016
574,tyreke evans,10734586,2016
1400,raymond felton,980431,2017
2624,wesley matthews,512746,2019
237,james johnson,2500000,2015
870,robert sacre,981348,2016
116,anthony davis,5607240,2015
1452,d.j. kennedy,874636,2017
2282,tony snell,10807143,2019
2122,stefan jankovic,543471,2018
982,bo mccalebb,525093,2016
2408,devin booker,3314365,2019
1389,willie reed,1015696,2017
1318,jusuf nurkic,1921320,2017
3044,jarell martin,1620564,2020
2206,danilo gallinari,21587579,2019
1080,rajon rondo,14000000,2017
697,patty mills,3578947,2016
2486,kyle kuzma,1689840,2019
1471,christian wood,874636,2017
666,jahlil okafor,4582680,2016
975,christian wood,525093,2016
1738,boris diaw,7500000,2018
553,brandon knight,13500000,2016
2594,elie okobo,1238464,2019
2360,thabo sefolosha,5250000,2019
2685,demar derozan,27739975,2020
15,paul george,15937290,2015
2412,kelly oubre jr.,3208630,2019
1291,domantas sabonis,2440200,2017
465,cameron bairstow,507336,2015
1259,jamal murray,3210840,2017
801,bruno caboclo,1524000,2016
587,rajon rondo,9500000,2016
2746,rudy gay,14500000,2020
2157,marshon brooks,60283,2018
684,jordan hill,4000000,2016
1396,henry sims,980431,2017
1322,kevin seraphin,1800000,2017
2247,taj gibson,14000000,2019
2259,kelly olynyk,12537527,2019
47,deandre jordan,11440123,2015
324,clint capela,1189200,2015
121,courtney lee,5450000,2015
3176,ky bowman,350189,2020
1295,trey lyles,2340600,2017
59,anderson varejao,9704545,2015
2455,denzel valentine,2280600,2019
997,chase budinger,206192,2016
2585,monte morris,1349383,2019
359,wesley johnson,915243,2015
1521,marshall plumlee,543471,2017
1555,deron williams,259526,2017
531,jimmy butler,16407500,2016
2428,cedi osman,2775000,2019
1581,alex poythress,35166,2017
400,chris douglas-roberts,915243,2015
1342,demetrius jackson,1450000,2017
141,luis scola,4868499,2015
2751,jj redick,13486300,2020
733,dante cunningham,2850000,2016
1085,michael kidd-gilchrist,13000000,2017
1119,tyreke evans,10203755,2017
1756,ben simmons,6434520,2018
1167,carl landry,6500000,2017
1117,zach randolph,10361445,2017
2497,dzanan musa,1632240,2019
2445,donte divincenzo,2481000,2019
2508,damian jones,1544951,2019
3048,joe johnson,1620564,2020
300,lamar odom,1448490,2015
1978,ike anigbogu,1378242,2018
664,jonas valanciunas,4660482,2016
824,javale mcgee,1270964,2016
3065,tyrone wallace,1588231,2020
2510,georgios papagiannis,1544951,2019
2377,ed davis,4449000,2019
2300,e'twaun moore,8808685,2019
1824,malik monk,3447480,2018
872,pablo prigioni,947726,2016
2295,jared dudley,9530000,2019
2911,domantas sabonis,3529555,2020
766,zach lavine,2148360,2016
1140,sergio rodriguez,8000000,2017
2465,grayson allen,2074320,2019
2695,bradley beal,27093019,2020
2797,jerami grant,9346153,2020
956,jarrid famous,525093,2016
2111,e.j. singler,543471,2018
119,greg monroe,5479934,2015
118,andrew wiggins,5510640,2015
2667,lebron james,37436858,2020
1793,de'aaron fox,4609200,2018
597,corey brewer,8229375,2016
1398,markel brown,980431,2017
2853,mo bamba,5697600,2020
2298,rajon rondo,9000000,2019
1013,cory jefferson,49709,2016
477,dahntay jones,387632,2015
1802,kris dunn,4221000,2018
3013,josh hart,1655160,2020
1915,quinn cook,1544951,2018
1228,kris humphries,4000000,2017
1850,thon maker,2799720,2018
2032,elton brand,980431,2018
3062,malcolm miller,1588231,2020
2075,dakari johnson,815615,2018
1112,joe johnson,11000000,2017
2128,cameron jones,543471,2018
2832,josh jackson,7059480,2020
2235,demarre carroll,15400000,2019
3171,jeff green,439475,2020
689,nemanja bjelica,3950001,2016
2322,lonzo ball,7461960,2019
226,luke ridnour,2750000,2015
2304,jerami grant,8653847,2019
3138,stanton kidd,898310,2020
2268,kentavious caldwell-pope,12000000,2019
891,damien wilkins,947276,2016
1834,luke kennard,3275280,2018
2307,jerryd bayless,8575916,2019
1183,otto porter jr.,5893981,2017
2470,chandler hutchison,1990520,2019
3100,elie okobo,1416852,2020
2952,vincent poirier,2505793,2020
839,rj hunter,1148640,2016
3022,tyler lydon,1620564,2020
504,tyrus thomas,53838,2015
2904,donovan mitchell,3635760,2020
1553,ryan kelly,286785,2017
828,andre roberson,1210800,2016
1250,mike miller,3500000,2017
1310,cameron payne,2112480,2017
1576,justin harper,57672,2017
2476,deandre liggins,1795015,2019
1911,pascal siakam,1544951,2018
813,andrea bargnani,1362897,2016
1045,allen crabbe,18500000,2017
189,andrei kirilenko,3326235,2015
2072,t.j. williams,815615,2018
1311,denzel valentine,2092200,2017
544,khris middleton,14700000,2016
1533,trey freeman,543471,2017
88,avery bradley,7191011,2015
165,ian mahinmi,4000000,2015
212,randy foye,3000000,2015
3071,paul zipser,1544951,2020
1602,jrue holiday,25686667,2018
219,marcus morris sr.,2943221,2015
3145,eric paschall,898310,2020
613,anthony davis,7070730,2016
2196,kevin love,24119025,2019
251,jeremy lamb,2202000,2015
1166,aron baynes,6500000,2017
1025,chris bosh,23741060,2017
633,kyle korver,5746479,2016
2440,justin anderson,2516048,2019
423,brandon davies,816482,2015
729,nik stauskas,2869440,2016
1458,grant jerrett,874636,2017
687,thabo sefolosha,4000000,2016
1583,patricio garino,31969,2017
2388,stanley johnson,3940402,2019
1353,tyus jones,1339680,2017
739,darrell arthur,2814000,2016
232,kirk hinrich,2732000,2015
1609,kevin love,24119025,2018
838,damjan rudez,1149500,2016
2029,jordan farmar,980431,2018
1499,jalen jones,543471,2017
1184,nikola mirotic,5782450,2017
2788,deandre jordan,9881598,2020
3164,chris clemons,563347,2020
1427,gerald green,980431,2017
1298,taurean prince,2318280,2017
2394,frank kaminsky,3627842,2019
2996,omari spellman,1897800,2020
74,monta ellis,8360000,2015
902,richard jefferson,947276,2016
1617,marc gasol,22642350,2018
2553,channing frye,1512601,2019
3012,marshon brooks,1656092,2020
1957,ian clark,1471382,2018
787,dennis schroder,1763400,2016
1650,evan fournier,17000000,2018
326,andre roberson,1160880,2015
432,justin holiday,816482,2015
1953,jarell martin,1471382,2018
2252,eric gordon,13500375,2019
16,marc gasol,15829688,2015
1942,kevon looney,1471382,2018
1461,alan williams,874636,2017
862,kris humphries,1000000,2016
3117,rodney purvis,1378242,2020
2857,jason smith,5450000,2020
3047,jordan bell,1620564,2020
785,jusuf nurkic,1842000,2016
980,cliff alexander,525093,2016
181,gerald green,3500000,2015
3016,jordan mcrae,1645357,2020
2861,alexis ajinca,5285394,2020
1771,kristaps porzingis,5697054,2018
1420,metta world peace,980431,2017
1039,deandre jordan,21165675,2017
1582,gary payton ii,35116,2017
3157,isaiah briscoe,838464,2020
3149,alen smailagic,898310,2020
2363,patrick beverley,5027028,2019
483,john lucas iii,269189,2015
1567,ray mccallum,121112,2017
1902,richaun holmes,1600520,2018
756,myles turner,2357760,2016
2320,jeremy lamb,7488372,2019
2326,d.j. augustin,7250000,2019
3049,vince carter,1620564,2020
1699,terrence ross,10500000,2018
2916,dario saric,3481986,2020
2579,thomas bryant,1378242,2019
1579,jarrett jack,57672,2017
761,ramon sessions,2170465,2016
1159,boban marjanovic,7000000,2017
2794,deandre ayton,9562920,2020
3072,amile jefferson,1529007,2020
2112,drew crawford,543471,2018
2477,malik beasley,1773840,2019
990,joe johnson,261894,2016
2860,lauri markkanen,5300400,2020
56,demar derozan,10100000,2015
765,kelly olynyk,2165160,2016
1303,luc mbah a moute,2203000,2017
1794,ron baker,4544000,2018
1435,jorge gutierrez,980431,2017
2367,mike muscala,5000000,2019
2807,bogdan bogdanovic,8529386,2020
3099,jalen brunson,1416852,2020
2016,khris middleton,1300000,2018
2012,jarrod uthoff,1312611,2018
1481,georges niang,650000,2017
1445,stephen zimmerman,950000,2017
2645,jakarr sampson,85458,2019
1658,demarre carroll,15400000,2018
2114,kaleb tarczewski,543471,2018
1343,malachi richardson,1439800,2017
2804,lonzo ball,8719320,2020
1231,lance stephenson,4000000,2017
2261,jordan clarkson,12500000,2019
1157,boris diaw,7000000,2017
2231,timofey mozgov,16000000,2019
69,channing frye,8579088,2015
1681,jeremy lin,12516746,2018
3156,damion lee,842327,2020
2275,dion waiters,11550000,2019
573,marcin gortat,11217391,2016
55,gerald wallace,10105855,2015
708,anthony morrow,3344000,2016
1041,lamarcus aldridge,20575005,2017
17,kevin love,15719063,2015
2655,eric moreland,17092,2019
1497,daniel ochefu,543471,2017
1128,meyers leonard,9213483,2017
2475,trey burke,1795015,2019
937,keith benson,845059,2016
3063,monte morris,1588231,2020
3110,isaac bonga,1416842,2020
1057,joakim noah,17000000,2017
168,mo williams,3965074,2015
2823,darrell arthur,7464912,2020
1161,ed davis,6666667,2017
1090,jordan clarkson,12500000,2017
23,roy hibbert,14898938,2015
941,devyn marble,845059,2016
1480,bobby brown,680534,2017
2211,jabari parker,20000000,2019
2121,beau beech,543471,2018
2482,furkan korkmaz,1740000,2019
1443,thomas robinson,980431,2017
2498,james ennis iii,1621415,2019
1742,channing frye,7420912,2018
474,kenyon martin,414551,2015
1662,james johnson,14651700,2018
2260,miles plumlee,12500000,2019
1309,rudy gobert,2121288,2017
2893,malik monk,4028400,2020
2894,patrick mccaw,4000000,2020
2736,kelly oubre jr.,15625000,2020
2573,dwayne bacon,1378242,2019
1071,danilo gallinari,15050000,2017
2899,p.j. washington,3831840,2020
378,rasual butler,915243,2015
2798,tyus jones,9258000,2020
978,pierre jackson,525093,2016
1889,tyler zeller,1933941,2018
940,shayne whittington,845059,2016
1267,nik stauskas,2993040,2017
293,ronny turiaf,1500000,2015
846,luke babbitt,1100602,2016
958,jonathon simmons,525093,2016
913,nate robinson,947276,2016
199,carlos delfino,3250000,2015
1584,pierre jackson,31969,2017
123,jj hickson,5381750,2015
2859,coby white,5307120,2020
2250,marcin gortat,13565218,2019
1401,jordan farmar,980431,2017
2713,terry rozier,19894737,2020
869,chris johnson,981348,2016
1051,tobias harris,17200000,2017
2662,chris paul,38506482,2020
934,johnny o'bryant iii,845059,2016
2066,keith benson,874636,2018
1554,ronnie price,276828,2017
1569,derrick williams,115344,2017
1946,beno udrih,1471382,2018
1821,zaza pachulia,3477600,2018
873,tyler hansbrough,947276,2016
3020,isaiah taylor,1620564,2020
3107,bruce brown,1416852,2020
1331,malik beasley,1627320,2017
2769,trevor ariza,12195122,2020
3019,isaiah thomas,1620564,2020
2339,ben simmons,6434520,2019
1449,tyler ulis,918369,2017
120,jamal crawford,5450000,2015
2828,brandon ingram,7265485,2020
2489,spencer dinwiddie,1656092,2019
1939,rakeem christmas,1471382,2018
942,jamychal green,845059,2016
1624,danilo gallinari,20559599,2018
2580,tyler dorsey,1378242,2019
1748,lance thomas,7119650,2018
390,alonzo gee,915243,2015
169,vince carter,3911981,2015
1612,dwight howard,23819725,2018
1163,victor oladipo,6552961,2017
2715,zach lavine,19500000,2020
287,pablo prigioni,1662961,2015
659,jonas jerebko,5000000,2016
2170,lebron james,35654150,2019
290,tyler ennis,1590720,2015
2175,paul george,30560700,2019
246,doug mcdermott,2277960,2015
2436,d.j. wilson,2534280,2019
1144,garrett temple,8000000,2017
2549,jeff green,1512601,2019
1784,marcus morris sr.,5000000,2018
991,jakarr sampson,258489,2016
2800,george hill,9133907,2020
1055,bismack biyombo,17000000,2017
1097,nikola pekovic,12100000,2017
584,jeff green,9650000,2016
1632,kawhi leonard,18868626,2018
2976,nassir little,2105520,2020
1770,alex abrines,5725000,2018
2940,luka samanic,2689920,2020
880,ricky ledo,947276,2016
335,damjan rudez,1100000,2015
876,hollis thompson,947276,2016
2879,enes freedom,4767000,2020
2527,isaiah thomas,1512601,2019
1108,wilson chandler,11233146,2017
72,jeremy lin,8374646,2015
2626,nik stauskas,504200,2019
1225,ben mclemore,4008882,2017
2225,evan fournier,17150000,2019
1549,nicolas brussino,543471,2017
472,kalin lucas,486446,2015
411,ray mccallum,816482,2015
1745,cole aldrich,7300000,2018
1678,nikola vucevic,12750000,2018
261,josh smith,2077000,2015
538,roy hibbert,15592217,2016
2639,tim frazier,196553,2019
2009,diamond stone,1312611,2018
1414,john lucas iii,980431,2017
2488,derrick white,1667160,2019
2356,trae young,5356440,2019
1628,tyler johnson,19245370,2018
1046,paul george,18314532,2017
2661,stephen curry,40231758,2020
429,jamaal franklin,816482,2015
431,jeff withey,816482,2015
1208,mike dunleavy,4837500,2017
3128,cody martin,1173310,2020
521,kevin love,19689000,2016
1988,stephen zimmerman,1312611,2018
2059,d.j. kennedy,874636,2018
1058,john wall,16957900,2017
1164,jodie meeks,6540000,2017
3114,kyle collinsworth,1378242,2020
2984,edmond sumner,2000000,2020
2641,ray spalding,184746,2019
1986,damian jones,1312611,2018
2707,serge ibaka,23271604,2020
2532,quincy pondexter,1512601,2019
718,meyers leonard,3075880,2016
2803,ja morant,8730240,2020
2636,jaylen adams,270014,2019
391,richard jefferson,915243,2015
842,josh huestis,1140240,2016
2572,rodney purvis,1378242,2019
2765,nikola mirotic,12500000,2020
2372,willie cauley-stein,4696875,2019
376,kyrylo fesenko,915243,2015
2216,jeff teague,19000000,2019
2064,branden dawson,874636,2018
2981,ben mclemore,2028594,2020
1772,jayson tatum,5645400,2018
1558,lamar patterson,246956,2017
1243,patty mills,3578948,2017
1846,tibor pleiss,3000000,2018
1506,nicolas laprovittola,543471,2017
1156,d.j. augustin,7250000,2017
383,wayne ellington,915243,2015
297,bruno caboclo,1458360,2015
1505,matt costello,543471,2017
1227,leandro barbosa,4000000,2017
329,arnett moultrie,1136160,2015
2905,stanley johnson,3623000,2020
782,adreian payne,1938840,2016
2955,brandon clarke,2478840,2020
8,deron williams,19754465,2015
2909,allonzo trier,3551000,2020
1858,dario saric,2526840,2018
1808,jordan hill,4000000,2018
2953,manu ginobili,2500000,2020
906,charlie villanueva,947276,2016
1580,jarrod uthoff,47953,2017
1110,derrick favors,11050000,2017
2002,cheick diallo,1312611,2018
914,josh smith,947276,2016
2690,kristaps porzingis,27285000,2020
128,paul pierce,5305000,2015
2622,gary clark,596873,2019
1819,paul pierce,3527920,2018
2133,keith hornsby,543471,2018
688,raymond felton,3950313,2016
825,reggie bullock,1252440,2016
649,victor oladipo,5192520,2016
2217,george hill,19000000,2019
2826,langston galloway,7333333,2020
360,drew gooden,915243,2015
86,wesley matthews,7245640,2015
2329,d'angelo russell,7019698,2019
151,caron butler,4500000,2015
1507,brandon paul,543471,2017
2698,hassan whiteside,27093017,2020
1909,malachi richardson,1569360,2018
1901,deandre' bembry,1634640,2018
1539,sheldon mac,543471,2017
2651,mitchell creek,47371,2019
204,chris copeland,3135000,2015
3144,naz reid,898310,2020
3028,michael carter-williams,1620564,2020
834,toney douglas,1164858,2016
2302,kosta koufos,8739500,2019
2167,amile jefferson,4608,2018
1791,mike dunleavy,4837500,2018
1877,guerschon yabusele,2247480,2018
3170,chris silva,466918,2020
1470,aaron harrison,874636,2017
3081,thanasis antetokounmpo,1445697,2020
2917,taurean prince,3481986,2020
909,kendrick perkins,947276,2016
858,jordan hamilton,1015421,2016
528,kyrie irving,16407501,2016
1879,mo williams,2194500,2018
435,jerome jordan,816482,2015
1960,jordan adams,1465080,2018
1245,willie cauley-stein,3551160,2017
2409,luke kennard,3275280,2019
1029,bradley beal,22116750,2017
2907,thon maker,3569643,2020
800,tony snell,1535880,2016
2617,hamidou diallo,838464,2019
1030,hassan whiteside,22116750,2017
373,leandro barbosa,915243,2015
2989,jordan poole,1964760,2020
2232,andre iguodala,16000000,2019
2286,robert covington,10464092,2019
2395,mikal bridges,3552960,2019
2657,jonathan gibson,17092,2019
1947,nikola jokic,1471382,2018
550,demarre carroll,13600000,2016
1737,kyle korver,7560000,2018
2245,robin lopez,14357750,2019
738,bismack biyombo,2814000,2016
487,tyler johnson,199950,2015
1718,avery bradley,8808989,2018
2760,larry nance jr.,12727273,2020
1925,tyus jones,1471382,2018
2614,jevon carter,838464,2019
581,demar derozan,10050000,2016
2600,devonte' graham,988464,2019
1639,demarcus cousins,18063850,2018
495,chris johnson,107676,2015
1361,jordan mickey,1223653,2017
1927,kj mcdaniels,1471382,2018
84,arron afflalo,7500000,2015
1668,mason plumlee,14041096,2018
2838,jaylen brown,6534829,2020
1336,caron butler,1551659,2017
850,cole aldrich,1100602,2016
2671,jimmy butler,32742000,2020
1244,marcus smart,3578880,2017
2190,andre drummond,25434263,2019
1529,scott wood,543471,2017
1591,paul millsap,31269231,2018
2096,alex hamilton,815615,2018
3024,glenn robinson iii,1620564,2020
230,jameer nelson,2732000,2015
751,james johnson,2500000,2016
2609,keita bates-diop,838464,2019
1402,jerami grant,980431,2017
2027,henry sims,980431,2018
1752,boban marjanovic,7000000,2018
1329,gary harris,1655880,2017
1372,isaiah whitehead,1074145,2017
706,quincy pondexter,3382023,2016
1323,wade baldwin iv,1793760,2017
2880,collin sexton,4764960,2020
928,jerami grant,845059,2016
2928,khem birch,3000000,2020
1479,spencer dinwiddie,726672,2017
3069,wade baldwin iv,1544951,2020
2850,jonathan isaac,5806440,2020
527,russell westbrook,16744218,2016
3030,wilson chandler,1620564,2020
217,markieff morris,2989239,2015
1760,isaiah thomas,6261395,2018
3172,troy daniels,384541,2020
1837,kelly oubre jr.,3208630,2018
2700,lamarcus aldridge,26000000,2020
2241,jr smith,14720000,2019
1964,derrick white,1404600,2018
3005,jahlil okafor,1702486,2020
1220,kristaps porzingis,4317720,2017
1534,rodney mcgruder,543471,2017
1382,isaiah canaan,1015696,2017
1334,caris levert,1562280,2017
3031,kyle korver,1620564,2020
1393,jarnell stokes,980431,2017
1880,kyle anderson,2151704,2018
1560,matt barnes,242224,2017
2281,maurice harkless,10837079,2019
3064,antonio blakeney,1588231,2020
2789,zion williamson,9757440,2020
583,tiago splitter,9756250,2016
969,robert upshaw,525093,2016
2279,jusuf nurkic,11111111,2019
3033,shaquille harrison,1620564,2020
1970,wes iwundu,1378242,2018
2070,gerald green,872854,2018
875,matt bonner,947276,2016
1616,brook lopez,22642650,2018
2975,austin rivers,2147317,2020
910,james jones,947276,2016
1866,kendrick perkins,2445085,2018
817,alonzo gee,1320000,2016
2717,goran dragic,19217900,2020
2480,nerlens noel,1757429,2019
2413,miles bridges,3206640,2019
422,peyton siva,816482,2015
496,elliot williams,107676,2015
679,kristaps porzingis,4131720,2016
2951,josh okogie,2530680,2020
1455,nick johnson,874636,2017
354,jannero pargo,915243,2015
1319,terry rozier,1906440,2017
2892,cameron johnson,4033440,2020
1145,anthony tolliver,8000000,2017
1263,shabazz muhammad,3046299,2017
2852,jonathon simmons,5700000,2020
406,robbie hummel,880000,2015
291,sergey karasev,1533840,2015
1929,nick collison,1471382,2018
187,mike scott,3333333,2015
1969,khem birch,1378242,2018
2610,chimezie metu,838464,2019
1887,kevin seraphin,1974159,2018
2223,tristan thompson,17469565,2019
453,nick johnson,507336,2015
445,johnny o'bryant iii,600000,2015
2191,hassan whiteside,25434262,2019
1538,davis bertans,543471,2017
653,d'angelo russell,5103120,2016
2692,karl-anthony towns,27285000,2020
2104,tyler cavanaugh,679919,2018
1180,alex abrines,5994764,2017
473,drew gordon,468540,2015
2896,reggie bullock,4000000,2020
1211,jahlil okafor,4788840,2017
1719,markieff morris,8600000,2018
289,shane larkin,1606080,2015
1347,javale mcgee,1403611,2017
3088,kendrick nunn,1416852,2020
999,marcus thornton,200600,2016
2805,e'twaun moore,8664928,2020
1692,dion waiters,11550000,2018
2670,tobias harris,32742000,2020
2619,patrick mccaw,777665,2019
1761,karl-anthony towns,6216840,2018
2264,courtney lee,12253780,2019
412,nick calathes,816482,2015
1672,cody zeller,13528090,2018
1886,terry rozier,1988520,2018
2159,justin harper,57672,2018
2244,brandon knight,14631250,2019
3083,derrick walton jr.,1445697,2020
2034,lou amundson,980431,2018
1686,courtney lee,12253780,2018
2492,josh hart,1655160,2019
993,jason thompson,245177,2016
964,melvin ejim,525093,2016
2493,robert williams iii,1654440,2019
2389,buddy hield,3844760,2019
1652,pau gasol,16000000,2018
2557,vince carter,1512601,2019
2256,mason plumlee,12917808,2019
2534,georges niang,1512601,2019
24,tyson chandler,14846888,2015
1848,jakob poeltl,2947320,2018
3155,justin james,898310,2020
2199,nicolas batum,24000000,2019
2139,cat barber,543471,2018
984,terran petteway,525093,2016
7,chris paul,20068563,2015
561,serge ibaka,12250000,2016
292,gary harris,1519200,2015
1679,austin rivers,12650000,2018
1568,hollis thompson,115344,2017
1384,robert covington,1015696,2017
2495,pat connaughton,1641000,2019
2177,james harden,30421854,2019
2401,malik monk,3447480,2019
1042,blake griffin,20140839,2017
630,marco belinelli,6060606,2016
763,beno udrih,2170465,2016
1812,j.j. barea,3903900,2018
2426,thon maker,2799720,2019
2545,kevon looney,1512601,2019
1578,jarell eddie,57672,2017
2739,ian mahinmi,15450051,2020
2447,emeka okafor,2445085,2019
803,wayne ellington,1500000,2016
2706,harrison barnes,24147727,2020
2747,cody zeller,14471910,2020
1798,justin holiday,4384616,2018
1727,kevin garnett,8000000,2018
463,jakarr sampson,507336,2015
1284,justise winslow,2593440,2017
2240,tobias harris,14800000,2019
3103,jarred vanderbilt,1416852,2020
2780,andre roberson,10740740,2020
898,jamaal franklin,947276,2016
1062,gordon hayward,16073140,2017
1472,salah mejri,874636,2017
815,rodney hood,1348440,2016
1622,lamarcus aldridge,21461010,2018
1520,treveon graham,543471,2017
892,anthony bennett,947276,2016
2443,bobby portis,2494346,2019
1818,will barton,3533333,2018
517,derrick rose,20093064,2016
2168,stephen curry,37457154,2019
493,jamychal green,134295,2015
810,mason plumlee,1415520,2016
2712,malcolm brogdon,20000000,2020
388,draymond green,915243,2015
648,zaza pachulia,5200000,2016
1070,khris middleton,15200000,2017
2366,dirk nowitzki,5000000,2019
2069,cliff alexander,874636,2018
604,george hill,8000000,2016
2702,giannis antetokounmpo,25842697,2020
2883,dennis smith jr.,4463640,2020
177,marreese speights,3657500,2015
1491,yanick moreira,543471,2017
2161,nigel hayes,55296,2018
1484,joel bolomboy,600000,2017
1881,darius miller,2100000,2018
1943,andrew bogut,1471382,2018
258,danny granger,2077000,2015
802,delon wright,1509360,2016
945,james ennis iii,845059,2016
1121,terrence ross,10000000,2017
147,ricky rubio,4660479,2015
2473,aaron holiday,1911960,2019
879,dewayne dedmon,947276,2016
2596,joakim noah,1093858,2019
1049,kyrie irving,17638063,2017
3036,jakarr sampson,1620564,2020
233,iman shumpert,2616975,2015
443,malcolm thomas,635827,2015
2947,matisse thybulle,2582160,2020
2441,manu ginobili,2500000,2019
144,darren collison,4797664,2015
3168,reggie jackson,512721,2020
1219,greivis vasquez,4347826,2017
2881,rui hachimura,4469160,2020
1599,carmelo anthony,26243760,2018
988,anderson varejao,289755,2016
2468,corey brewer,2000000,2019
1448,malcolm brogdon,925000,2017
2192,nikola jokic,24605181,2019
2656,jordan mcrae,17092,2019
3123,jabari bird,1349464,2020
2136,j.j. avila,543471,2018
382,shannon brown,915243,2015
1849,jusuf nurkic,2947305,2018
2772,joe ingles,11954546,2020
2814,wayne ellington,8000000,2020
1454,casper ware,874636,2017
90,jose calderon,7097191,2015
2340,milos teodosic,6300000,2019
40,kevin garnett,12000000,2015
156,luc mbah a moute,4382576,2015
781,giannis antetokounmpo,1953960,2016
1196,cody zeller,5318313,2017
1114,monta ellis,10763500,2017
427,ognjen kuzmic,816482,2015
2459,harry giles iii,2207040,2019
1551,jonathan gibson,469943,2017
2693,d'angelo russell,27285000,2020
1958,jeremy evans,1471382,2018
2802,taj gibson,9000000,2020
2189,anthony davis,25434263,2019
2650,isaac humphries,47371,2019
1072,jeff green,15000000,2017
2592,tyson chandler,1333140,2019
657,jr smith,5000000,2016
2906,jake layman,3581986,2020
2149,shaquille harrison,175000,2018
103,derrick williams,6331404,2015
2957,emeka okafor,2445085,2020
563,amir johnson,12000000,2016
2449,tyus jones,2444053,2019
2051,anderson varejao,980431,2018
2290,darren collison,10000000,2019
139,victor oladipo,4978200,2015
1618,deandre jordan,22642350,2018
977,salah mejri,525093,2016
714,randy foye,3135000,2016
105,kyle korver,6253521,2015
2411,troy daniels,3258539,2019
883,allen crabbe,947276,2016
220,will bynum,2915908,2015
2558,svi mykhailiuk,1487694,2019
486,langston galloway,235762,2015
2194,giannis antetokounmpo,24157303,2019
428,dwight buycks,816482,2015
650,tony allen,5158539,2016
22,eric gordon,14898938,2015
1489,patrick mccaw,543471,2017
2694,otto porter jr.,27250575,2020
2038,rasual butler,980431,2018
1720,jerryd bayless,8575916,2018
2999,bruno caboclo,1845301,2020
3124,ben moore,1349383,2020
3113,dakari johnson,1378242,2020
2716,kent bazemore,19269662,2020
2415,tomas satoransky,3129187,2019
26,john wall,14746000,2015
1434,beno udrih,980431,2017
3140,terence davis,898310,2020
855,e'twaun moore,1015421,2016
677,cody zeller,4204200,2016
2127,scott wood,543471,2018
760,trey lyles,2239800,2016
983,jonathan holmes,525093,2016
2348,brandon ingram,5757120,2019
257,c.j. watson,2077000,2015
2608,alize johnson,838464,2019
3043,j.j. barea,1620564,2020
627,jodie meeks,6270000,2016
2437,zhaire smith,2526840,2019
265,jimmy butler,2008748,2015
2631,malcolm miller,457418,2019
1835,cameron payne,3263294,2018
1563,jordan crawford,173099,2017
2236,gorgui dieng,15170787,2019
917,raul neto,900000,2016
1758,ed davis,6352531,2018
2269,kemba walker,12000000,2019
1856,delon wright,2536898,2018
1008,alan williams,83397,2016
2785,josh richardson,10116576,2020
3053,damyean dotson,1618520,2020
1017,james harden,26540100,2017
900,ish smith,947276,2016
514,chris bosh,22192730,2016
1095,serge ibaka,12250000,2017
1130,maurice harkless,8988765,2017
2221,kent bazemore,18089887,2019
2325,marvin bagley iii,7305600,2019
2988,kyle kuzma,1974600,2020
1755,carl landry,6500000,2018
644,brandan wright,5464000,2016
989,jj hickson,273038,2016
3122,carmelo anthony,1364204,2020
2761,kelly olynyk,12667885,2020
2456,larry nance jr.,2272391,2019
247,kenneth faried,2249768,2015
2035,marcus thornton,980431,2018
1200,darren collison,5229454,2017
753,shelvin mack,2433333,2016
1920,joffrey lauvergne,1524305,2018
2324,jae crowder,7305825,2019
1769,wesley johnson,5882260,2018
111,chuck hayes,5958750,2015
2986,landry shamet,1995120,2020
2487,tony bradley,1679520,2019
2782,jeremy lamb,10500000,2020
337,kyle singler,1090000,2015
332,festus ezeli,1112880,2015
255,ramon sessions,2077000,2015
188,tyler hansbrough,3326235,2015
2130,trey freeman,543471,2018
933,joe harris,845059,2016
1725,kosta koufos,8393000,2018
1906,archie goodwin,1577230,2018
556,nicolas batum,13125306,2016
351,joey dorsey,948163,2015
2328,lance thomas,7119650,2019
2734,jonas valanciunas,16000000,2020
2611,ryan broekhoff,838464,2019
2381,mike scott,4320500,2019
549,andrew bogut,13800000,2016
2143,c.j. williams,375000,2018
2135,thomas walkup,543471,2018
793,tyler ennis,1662360,2016
1279,frank kaminsky,2730000,2017
161,dion waiters,4062000,2015
2538,luol deng,1512601,2019
769,gary neal,2139000,2016
611,jose calderon,7402812,2016
540,klay thompson,15501000,2016
2265,solomon hill,12252928,2019
213,jerryd bayless,3000000,2015
667,kyle singler,4500000,2016
2341,marco belinelli,6153846,2019
1172,lance thomas,6191000,2017
140,jabari parker,4930560,2015
548,reggie jackson,13913044,2016
985,lamar patterson,525093,2016
2720,tristan thompson,18539130,2020
663,otto porter jr.,4662960,2016
2539,treveon graham,1512601,2019
615,rodney stuckey,7000000,2016
1004,sean kilpatrick,134215,2016
2548,zaza pachulia,1512601,2019
678,aaron gordon,4171680,2016
749,elfrid payton,2505720,2016
1574,david nwaba,73528,2017
273,maurice harkless,1887840,2015
1089,miles plumlee,12500000,2017
3089,melvin frazier jr.,1416852,2020
912,ian clark,947276,2016
938,david stockton,845059,2016
149,timofey mozgov,4650000,2015
2730,bojan bogdanovic,17000000,2020
1653,tobias harris,16000000,2018
397,shawn marion,915243,2015
2615,jarred vanderbilt,838464,2019
2113,isaiah cousins,543471,2018
596,dirk nowitzki,8333334,2016
2414,marquese chriss,3206160,2019
2209,ryan anderson,20421546,2019
3163,rayjon tucker,578573,2020
2912,michael beasley,3500000,2020
1872,devin booker,2319360,2018
439,dante cunningham,716043,2015
903,mike miller,947276,2016
2067,jordan mcrae,874636,2018
2796,fred vanvleet,9346153,2020
1611,cj mccollum,23962573,2018
1005,jeff ayres,111444,2016
2846,montrezl harrell,6000000,2020
2198,chandler parsons,24107258,2019
2204,serge ibaka,21666667,2019
2848,marco belinelli,5846154,2020
1168,tim duncan,6393750,2017
1734,p.j. tucker,7590035,2018
1141,kevin garnett,8000000,2017
1122,danny green,10000000,2017
1751,rodney stuckey,7000000,2018
559,robin lopez,12650000,2016
2123,julian jacobs,543471,2018
915,mike muscala,947276,2016
614,marvin williams,7000000,2016
1545,j.j. avila,543471,2017
2602,ron baker,948580,2019
1253,mike scott,3333334,2017
2923,sekou doumbouya,3285120,2020
1782,josh jackson,5090040,2018
878,ronnie price,947276,2016
1022,dirk nowitzki,25000000,2017
1806,julius randle,4149242,2018
3166,brandon goodwin,522738,2020
2842,de'aaron fox,6392760,2020
1349,deyonta davis,1369299,2017
1222,vince carter,4264057,2017
693,dante exum,3777720,2016
1614,harrison barnes,23112004,2018
669,cj miles,4394225,2016
1078,manu ginobili,14000000,2017
2505,malachi richardson,1569360,2019
2060,casper ware,874636,2018
2506,jahlil okafor,1567707,2019
1079,eric bledsoe,14000000,2017
1383,deandre liggins,1015696,2017
501,jack cooley,59686,2015
565,kemba walker,12000000,2016
2018,livio jean-charles,1188840,2018
1433,cameron bairstow,980431,2017
33,derrick favors,12950000,2015
215,anthony tolliver,3000000,2015
2816,maxi kleber,8000000,2020
2776,meyers leonard,11286516,2020
792,zoran dragic,1706225,2016
2332,davis bertans,7000000,2019
1271,dewayne dedmon,2898000,2017
1069,draymond green,15330435,2017
2983,torrey craig,2000000,2020
2949,wesley matthews,2564753,2020
1047,luol deng,18000000,2017
1337,mitch mcgary,1526040,2017
1952,javale mcgee,1471382,2018
434,ian clark,816482,2015
1870,shabazz napier,2361360,2018
963,branden dawson,525093,2016
1871,clint capela,2334528,2018
2354,jason smith,5450000,2019
2086,peter jok,815615,2018
1601,otto porter jr.,26011913,2018
2697,anthony davis,27093018,2020
2202,deandre jordan,22897200,2019
2652,bj johnson,42634,2019
1412,marcus thornton,980431,2017
1338,justin anderson,1514160,2017
2267,avery bradley,12000000,2019
737,manu ginobili,2814000,2016
2737,eric bledsoe,15625000,2020
2305,julius randle,8641000,2019
1366,chris mccullough,1191480,2017
2006,davis bertans,1312611,2018
2461,juancho hernangomez,2166360,2019
2576,semi ojeleye,1378242,2019
1224,j.j. barea,4096950,2017
1712,bogdan bogdanovic,9412280,2018
2721,draymond green,18539130,2020
2462,josh okogie,2160720,2019
2623,bruno caboclo,522151,2019
1746,d.j. augustin,7250000,2018
685,derrick williams,4000000,2016
2284,terrence ross,10500000,2019
3059,dwight buycks,1600520,2020
2834,davis bertans,7000000,2020
1673,michael kidd-gilchrist,13000000,2018
3173,dion waiters,375385,2020
192,marcus smart,3283320,2015
386,rodney stuckey,915243,2015
1861,manu ginobili,2500000,2018
1428,phil pressey,980431,2017
2836,jaren jackson jr.,6927480,2020
2971,brandon jennings,2222803,2020
2370,mo bamba,4865040,2019
304,mitch mcgary,1400040,2015
1665,joe ingles,14136364,2018
996,ty lawson,211744,2016
320,aaron gray,1227985,2015
2856,aron baynes,5453280,2020
2382,luc mbah a moute,4320500,2019
2936,goga bitadze,2816760,2020
979,cristiano felicio,525093,2016
925,nick johnson,845059,2016
275,adreian payne,1855320,2015
1780,patrick patterson,5192000,2018
2376,lance stephenson,4449000,2019
1437,anderson varejao,980431,2017
271,shabazz muhammad,1971960,2015
3141,jalen mcdaniels,898310,2020
77,brandon jennings,8000000,2015
3104,jemerrio jones,1416852,2020
2485,jonah bolden,1690000,2019
864,edy tavares,1000000,2016
1826,troy daniels,3408520,2018
1823,justise winslow,3448926,2018
673,mario chalmers,4300000,2016
1741,trevor ariza,7420912,2018
656,c.j. watson,5000000,2016
576,brendan haywood,10522500,2016
1707,jared dudley,10000000,2018
995,nazr mohammed,222888,2016
3058,wes iwundu,1618420,2020
1683,jordan clarkson,12500000,2018
245,michael carter-williams,2300040,2015
2406,trey lyles,3364249,2019
363,darius miller,915243,2015
625,michael kidd-gilchrist,6331404,2016
692,alex len,3807120,2016
2219,allen crabbe,18500000,2019
726,luis scola,2900000,2016
908,austin daye,947276,2016
2945,marko guduric,2625000,2020
852,richaun holmes,1074169,2016
1408,arinze onuaku,980431,2017
1531,cheick diallo,543471,2017
71,ryan anderson,8491500,2015
764,steve blake,2170465,2016
2871,mike scott,4767000,2020
1904,dwight buycks,1600520,2018
1251,anthony morrow,3488000,2017
1010,orlando johnson,55722,2016
2890,alex len,4160000,2020
11,derrick rose,18862876,2015
480,reggie williams,344036,2015
277,anthony randolph,1825359,2015
716,austin rivers,3110796,2016
1138,darrell arthur,8070175,2017
1084,robin lopez,13219250,2017
2057,reggie williams,895197,2018
2679,paul george,30560700,2020
418,hollis thompson,816482,2015
194,evan turner,3278000,2015
807,mitch mcgary,1463040,2016
347,e'twaun moore,948163,2015
2513,skal labissiere,1544951,2019
1453,jonathon simmons,874636,2017
3112,bruno fernando,1400000,2020
851,glenn robinson iii,1100000,2016
1736,andrew wiggins,7574323,2018
2342,wesley johnson,6134520,2019
3068,chinanu onuaku,1544951,2020
1416,orlando johnson,980431,2017
1900,julyan stone,1656092,2018
601,arron afflalo,8000000,2016
1143,george hill,8000000,2017
2684,al horford,28000000,2020
387,francisco garcia,915243,2015
2371,anthony tolliver,4750000,2019
2285,bojan bogdanovic,10500000,2019
2246,marvin williams,14087500,2019
126,nikola mirotic,5305000,2015
1556,isaiah taylor,255000,2017
524,blake griffin,18907726,2016
2421,yogi ferrell,3000000,2019
3087,gary trent jr.,1416852,2020
184,matt barnes,3396250,2015
1571,wayne selden,83119,2017
1559,andrew bogut,242224,2017
1766,alan williams,6000000,2018
2362,jaylen brown,5169960,2019
2699,jrue holiday,26231111,2020
2011,wayne selden,1312611,2018
244,meyers leonard,2317920,2015
1403,greg stiemsma,980431,2017
2499,omari spellman,1620480,2019
624,patrick beverley,6486486,2016
174,raymond felton,3793693,2015
1223,devin harris,4227996,2017
2696,andre drummond,27093019,2020
1759,lonzo ball,6286560,2018
2005,chasson randle,1312611,2018
420,james southerland,816482,2015
758,steven adams,2279040,2016
1394,ty lawson,980431,2017
2142,toney douglas,379159,2018
1623,victor oladipo,21000000,2018
2238,trevor ariza,15000000,2019
54,tim duncan,10361446,2015
210,kosta koufos,3000000,2015
1631,george hill,19000000,2018
1859,taurean prince,2526840,2018
490,earl barron,183049,2015
1508,chinanu onuaku,543471,2017
114,p.j. tucker,5700000,2015
2062,duje dukan,874636,2018
279,joffrey lauvergne,1790281,2015
2058,dj stephens,874636,2018
1801,emmanuel mudiay,4294480,2018
2425,justin jackson,2807880,2019
2234,dennis schroder,15500000,2019
416,nate wolters,816482,2015
1257,emmanuel mudiay,3241800,2017
1940,damien wilkins,1471382,2018
2771,cory joseph,12000000,2020
2889,mikal bridges,4161000,2020
1457,duje dukan,874636,2017
1869,justin jackson,2365560,2018
1992,skal labissiere,1312611,2018
3004,pat connaughton,1723050,2020
1994,bryn forbes,1312611,2018
1543,alex caruso,543471,2017
2333,ersan ilyasova,7000000,2019
479,ronald roberts jr.,373041,2015
1518,c.j. williams,543471,2017
2540,isaiah canaan,1512601,2019
159,cj miles,4205000,2015
34,rajon rondo,12909090,2015
1705,jon leuer,10002681,2018
2979,dylan windler,2035800,2020
1023,carmelo anthony,24559380,2017
2431,justin patton,2667600,2019
1415,rasual butler,980431,2017
3105,khyri thomas,1416852,2020
529,greg monroe,16407500,2016
133,tristan thompson,5138430,2015
358,lavoy allen,915243,2015
1339,deandre' bembry,1499760,2017
1341,bobby portis,1453680,2017
1217,nerlens noel,4384490,2017
2424,michael porter jr.,2894160,2019
1324,quincy acy,1790092,2017
1300,reggie bullock,2255644,2017
3096,de'anthony melton,1416852,2020
2071,luke petrasek,815615,2018
1316,juancho hernangomez,1987440,2017
2921,denzel valentine,3377569,2020
1391,edy tavares,1000000,2017
703,evan turner,3425510,2016
2722,allen crabbe,18500000,2020
1024,damian lillard,24328425,2017
1693,john henson,11327466,2018
841,kyle anderson,1142880,2016
747,jared sullinger,2569260,2016
859,rakeem christmas,1007026,2016
3177,jr smith,289803,2020
2315,p.j. tucker,7969537,2019
1132,jeff teague,8800000,2017
1598,al horford,27734406,2018
895,gerald green,947276,2016
2985,noah vonleh,2000000,2020
1981,brice johnson,1331160,2018
1701,bojan bogdanovic,10500000,2018
2271,t.j. warren,11750000,2019
364,chris wright,915243,2015
80,dirk nowitzki,7974482,2015
3021,trey burke,1620564,2020
1671,brandon knight,13618750,2018
2583,ike anigbogu,1378242,2019
1197,p.j. tucker,5300000,2017
2691,devin booker,27285000,2020
2516,wade baldwin iv,1544951,2019
327,hilton armstrong,1145685,2015
62,thaddeus young,9410869,2015
1456,darrun hilliard,874636,2017
2208,jimmy butler,20445779,2019
2079,erik mccree,815615,2018
1731,cory joseph,7945000,2018
2280,iman shumpert,11011234,2019
1248,paul pierce,3527920,2017
1575,mike tobey,67135,2017
3121,ike anigbogu,1378242,2020
2801,kyle anderson,9073050,2020
1475,cliff alexander,874636,2017
806,gorgui dieng,1474440,2016
1633,kyrie irving,18868626,2018
1258,cj mccollum,3219579,2017
2098,brandon ashley,815615,2018
2063,grant jerrett,874636,2018
861,montrezl harrell,1000000,2016
1796,dragan bender,4468800,2018
960,deonte burton,525093,2016
1326,sam dekker,1720560,2017
2201,kawhi leonard,23114067,2019
639,nikola mirotic,5543725,2016
750,leandro barbosa,2500000,2016
1290,myles turner,2463840,2017
2943,kevin huerter,2636280,2020
190,mike dunleavy,3326235,2015
1451,dj stephens,874636,2017
622,aron baynes,6500000,2016
2786,tomas satoransky,10000000,2020
1174,patrick patterson,6050000,2017
1513,maurice ndour,543471,2017
757,evan fournier,2288205,2016
686,alan anderson,4000000,2016
341,ed davis,981084,2015
2179,paul millsap,29230769,2019
2924,justin jackson,3280920,2020
122,lou williams,5450000,2015
3092,keita bates-diop,1416852,2020
652,dion waiters,5138430,2016
295,evan fournier,1483920,2015
608,kosta koufos,7700000,2016
2689,nikola jokic,27504630,2020
311,ronnie brewer,1310286,2015
398,patrick beverley,915243,2015
2900,luke kennard,3827160,2020
3181,tyler johnson,183115,2020
1696,alec burks,10845506,2018
1230,udonis haslem,4000000,2017
2314,lou williams,8000000,2019
961,kyle casey,525093,2016
2676,mike conley,32511624,2020
2330,langston galloway,7000000,2019
3054,royce o'neale,1618520,2020
699,matt barnes,3542500,2016
2040,xavier henry,980431,2018
307,jordan adams,1344120,2015
2448,kendrick perkins,2445085,2019
1528,elgin cook,543471,2017
3133,ron baker,948580,2020
36,tony parker,12500000,2015
1063,timofey mozgov,16000000,2017
241,cj mccollum,2421000,2015
593,kevin garnett,8500000,2016
2166,aaron jackson,4608,2018
29,chandler parsons,14700000,2015
1914,troy williams,1544951,2018
2688,andrew wiggins,27504630,2020
620,jae crowder,6796117,2016
911,willie reed,947276,2016
1646,luol deng,17190000,2018
2026,jarnell stokes,980431,2018
1786,mike muscala,5000000,2018
1464,keith benson,874636,2017
2790,markelle fultz,9745200,2020
2077,kennedy meeks,815615,2018
2146,wade baldwin iv,229892,2018
1716,dwight powell,9003125,2018
2829,d.j. augustin,7250000,2020
1099,amir johnson,12000000,2017
321,shavlik randolph,1227985,2015
1917,willy hernangomez,1544951,2018
1876,justin patton,2247480,2018
1477,rj hunter,864346,2017
1050,jimmy butler,17552209,2017
2213,tyler johnson,19356932,2019
484,elijah millsap,241731,2015
1625,ryan anderson,19578455,2018
1522,stefan jankovic,543471,2017
1744,al-farouq aminu,7319035,2018
1354,sasha kaun,1333240,2017
1379,montrezl harrell,1045000,2017
2274,patty mills,11571429,2019
2474,tyler lydon,1874640,2019
2076,xavier rathan-mayes,815615,2018
2799,al-farouq aminu,9258000,2020
1993,dorian finney-smith,1312611,2018
1289,doug mcdermott,2483040,2017
2479,anfernee simons,1760520,2019
1,kobe bryant,23500000,2015
1627,jimmy butler,19301070,2018
2251,cody zeller,13528090,2019
836,larry nance jr.,1155600,2016
2665,james harden,38199000,2020
924,markel brown,845059,2016
457,cory jefferson,507336,2015
2000,andrew harrison,1312611,2018
2757,will barton,12776786,2020
1596,james harden,28299399,2018
2020,tony wroten,1050961,2018
1278,noah vonleh,2751360,2017
866,quincy acy,981348,2016
923,eric moreland,845059,2016
75,taj gibson,8000000,2015
1733,shaun livingston,7692308,2018
78,o.j. mayo,8000000,2015
87,isaiah thomas,7238606,2015
2147,larry sanders,207722,2018
1541,diamond stone,543471,2017
2958,kendrick perkins,2445085,2020
2387,collin sexton,4068600,2019
1991,patricio garino,1312611,2018
93,amir johnson,7000000,2015
2262,nikola mirotic,12500000,2019
592,taj gibson,8500000,2016
3130,nick young,1042584,2020
3129,gary payton ii,1052909,2020
2120,egidijus mockevicius,543471,2018
497,nate robinson,107676,2015
264,cory joseph,2023261,2015
242,elfrid payton,2397840,2015
3003,cameron payne,1737145,2020
840,matthew dellavedova,1147276,2016
1368,skal labissiere,1188840,2017
1788,jonathan isaac,4969080,2018
2886,luc mbah a moute,4320500,2020
1659,eric bledsoe,15000000,2018
743,trey burke,2658240,2016
1332,bruno caboclo,1589640,2017
567,derrick favors,12000000,2016
1829,rajon rondo,3300000,2018
826,clint capela,1242720,2016
1308,t.j. warren,2128920,2017
1305,mo williams,2194500,2017
1239,nick collison,3750000,2017
579,luol deng,10151612,2016
410,isaiah canaan,816842,2015
191,nerlens noel,3315120,2015
921,russ smith,845059,2016
228,brian roberts,2732000,2015
222,marco belinelli,2873750,2015
1619,steven adams,22471910,2018
2287,rudy gay,10087200,2019
2446,rondae hollis-jefferson,2470357,2019
143,chris kaman,4800000,2015
884,john lucas iii,947276,2016
1125,matthew dellavedova,9607500,2017
361,henry sims,915243,2015
2126,elgin cook,543471,2018
1113,jon leuer,10991957,2017
2542,dwyane wade,1512601,2019
899,troy daniels,947276,2016
752,justise winslow,2481720,2016
101,carl landry,6500000,2015
201,anthony morrow,3200000,2015
770,devin booker,2127840,2016
2359,alexis ajinca,5285394,2019
1765,jonathon simmons,6000000,2018
1524,shaquille harrison,543471,2017
835,archie goodwin,1160160,2016
249,brendan haywood,2213668,2015
2309,joe harris,8333333,2019
3052,abdel nader,1618520,2020
2110,brady heslip,543471,2018
155,joel embiid,4427640,2015
1375,tony wroten,1050961,2017
1916,rodney mcgruder,1544951,2018
2503,t.j. mcconnell,1600520,2019
2969,ante zizic,2281800,2020
1828,elfrid payton,3332340,2018
1935,aaron brooks,1471382,2018
2515,ivica zubac,1544951,2019
2466,sean kilpatrick,2054856,2019
1635,joakim noah,18530000,2018
2243,james johnson,14651700,2019
2374,lauri markkanen,4536120,2019
115,enes freedom,5694674,2015
1073,reggie jackson,14956522,2017
1975,tyler dorsey,1378242,2018
163,cody zeller,4030560,2015
515,chris paul,21468695,2016
2033,arinze onuaku,980431,2018
1399,chris wright,980431,2017
2512,timothe luwawu-cabarrot,1544951,2019
1937,pat connaughton,1471382,2018
901,donald sloan,947276,2016
1345,marreese speights,1403611,2017
3108,dairis bertans,1416852,2020
380,kendall marshall,915243,2015
2902,jakob poeltl,3754886,2020
3097,ryan broekhoff,1416852,2020
2518,cheick diallo,1544951,2019
1587,axel toupane,15435,2017
2091,davon reed,815615,2018
2403,allonzo trier,3382000,2019
336,kyle anderson,1093680,2015
1381,richaun holmes,1025831,2017
2895,dorian finney-smith,4000000,2020
2551,javale mcgee,1512601,2019
1514,james webb iii,543471,2017
1012,elliot williams,55722,2016
1573,archie goodwin,75000,2017
1432,david west,980431,2017
2296,norman powell,9367200,2019
2968,darius bazley,2284800,2020
3106,hamidou diallo,1416852,2020
433,dionte christmas,816482,2015
3154,miye oni,898310,2020
1462,xavier munford,874636,2017
3035,dwight howard,1620564,2020
238,demarre carroll,2442455,2015
112,jason terry,5850313,2015
705,willie cauley-stein,3398280,2016
628,patrick patterson,6268675,2016
318,shabazz napier,1238640,2015
1613,anthony davis,23775506,2018
1127,trevor booker,9250000,2017
791,joffrey lauvergne,1709719,2016
2664,kevin durant,38199000,2020
2725,gary harris,17839286,2020
1739,jeremy lamb,7488372,2018
1177,wayne ellington,6000000,2017
2087,james blackmon jr.,815615,2018
2972,ty jerome,2193480,2020
1120,alec burks,10154495,2017
1597,demar derozan,27739975,2018
1517,dorian finney-smith,543471,2017
856,lester hudson,1015421,2016
1376,john jenkins,1050961,2017
2669,blake griffin,34449964,2020
2469,torrey craig,2000000,2019
1003,tony wroten,167406,2016
2613,isaiah hartenstein,838464,2019
950,kostas papanikolaou,800321,2016
1778,jason smith,5450000,2018
1860,justin anderson,2516048,2018
1515,egidijus mockevicius,543471,2017
299,willie green,1448490,2015
2762,marcus smart,12553571,2020
1919,mitch mcgary,1526040,2018
967,treveon graham,525093,2016
1483,michael gbinije,650000,2017
6,lebron james,20644400,2015
1153,markieff morris,7400000,2017
2050,robbie hummel,980431,2018
3074,isaiah canaan,1512601,2020
1972,rodney purvis,1378242,2018
1171,jae crowder,6286408,2017
367,matt bonner,915243,2015
1687,solomon hill,12236535,2018
2030,greg stiemsma,980431,2018
675,j.j. barea,4290000,2016
1825,myles turner,3410284,2018
92,manu ginobili,7000000,2015
1836,dennis smith jr.,3218280,2018
1194,jabari parker,5374320,2017
2310,cj miles,8333333,2019
176,thomas robinson,3678360,2015
972,luis montero,525093,2016
1564,johnny o'bryant iii,161483,2017
957,ronald roberts jr.,525093,2016
2500,luke kornet,1619260,2019
1465,travis wear,874636,2017
1593,gordon hayward,29727900,2018
1474,cristiano felicio,874636,2017
100,jr smith,6515510,2015
498,toure' murry,96056,2015
2563,jaylen morris,1378242,2019
2541,udonis haslem,1512601,2019
3165,gary clark,555409,2020
225,nikola vucevic,2751260,2015
719,jeremy lamb,3034356,2016
1193,nick young,5443918,2017
1873,john collins,2299080,2018
1698,tony snell,10607143,2018
976,brandon ashley,525093,2016
1557,jose calderon,247991,2017
2847,ish smith,6000000,2020
41,kyle lowry,12000000,2015
3116,brandon paul,1378242,2020
1967,josh smith,1379940,2018
2858,kris dunn,5348007,2020
117,anthony bennett,5563920,2015
2543,carmelo anthony,1512601,2019
262,kelly olynyk,2075760,2015
2962,pascal siakam,2351839,2020
2855,alex abrines,5455236,2020
3026,furkan korkmaz,1620564,2020
340,luke babbitt,981084,2015
2272,zach randolph,11692308,2019
2646,michael carter-williams,59820,2019
2754,jusuf nurkic,13125000,2020
1776,luis scola,5500000,2018
322,tony wroten,1210080,2015
131,keith bogans,5285817,2015
1732,cj miles,7936509,2018
2824,seth curry,7461380,2020
1651,jonas valanciunas,16539326,2018
1252,trey burke,3386598,2017
1033,andre drummond,22116750,2017
1409,lou amundson,980431,2017
1512,danuel house jr.,543471,2017
1626,paul george,19508958,2018
1781,nick young,5192000,2018
488,henry walker,196217,2015
1176,ramon sessions,6000000,2017
1380,ivica zubac,1034956,2017
811,jordan adams,1404600,2016
1093,eric gordon,12385364,2017
79,george hill,8000000,2015
1431,elliot williams,980431,2017
3056,sterling brown,1618520,2020
2031,cory jefferson,980431,2018
2704,nicolas batum,25565217,2020
2137,quincy ford,543471,2018
929,terrico white,845059,2016
954,darrun hilliard,600000,2016
183,steve novak,3445947,2015
1709,danny green,10000000,2018
2950,rajon rondo,2564753,2020
2380,alex len,4350000,2019
2467,jarrett allen,2034120,2019
2183,otto porter jr.,26011913,2019
2178,kevin durant,30000000,2019
2759,solomon hill,12758781,2020
3038,ryan anderson,1620564,2020
2101,l.j. peak,815615,2018
1566,omri casspi,138414,2017
619,isaiah thomas,6912869,2016
636,jamal crawford,5675000,2016
522,deandre jordan,19689000,2016
158,jared dudley,4250000,2015
1966,timothe luwawu-cabarrot,1386600,2018
1661,jr smith,14720000,2018
2887,cam reddish,4245720,2020
2015,dejounte murray,1312611,2018
1768,ish smith,6000000,2018
2417,donovan mitchell,3111480,2019
1724,rudy gay,8406000,2018
152,jonas jerebko,4500000,2015
2460,darius miller,2205000,2019
1999,deyonta davis,1312611,2018
1907,ryan kelly,1577230,2018
1009,keith appling,61776,2016
511,lebron james,22970500,2016
1269,stanley johnson,2969880,2017
2393,zach collins,3628920,2019
1898,malik beasley,1700640,2018
2392,j.j. barea,3710850,2019
1397,eric moreland,980431,2017
1385,anthony bennett,1015696,2017
470,patric young,507336,2015
672,jameer nelson,4345000,2016
3152,matt thomas,898310,2020
1519,bryn forbes,543471,2017
1552,toney douglas,379159,2017
3066,malachi richardson,1569360,2020
690,harrison barnes,3873398,2016
1931,anthony morrow,1471382,2018
3000,deandre liggins,1795015,2020
2125,nick zeisloft,543471,2018
930,james michael mcadoo,845059,2016
2090,v.j. beachem,815615,2018
3007,jonah bolden,1698450,2020
2779,t.j. warren,10810000,2020
831,reggie williams,1185784,2016
2399,jodie meeks,3454500,2019
135,chase budinger,5000000,2015
2160,alonzo gee,57672,2018
73,omer asik,8374646,2015
1011,phil pressey,55722,2016
1933,kris humphries,1471382,2018
1503,semaj christon,543471,2017
3023,emmanuel mudiay,1620564,2020
1439,chris andersen,980431,2017
2187,andrew wiggins,25467250,2019
106,landry fields,6250000,2015
867,jerel mcneal,981348,2016
920,jarnell stokes,845059,2016
2977,moritz wagner,2063520,2020
798,gary harris,1584480,2016
1918,malcolm brogdon,1544951,2018
552,al jefferson,13500000,2016
3179,jimmer fredette,208509,2020
1641,klay thompson,17826150,2018
1092,tyson chandler,12415000,2017
523,marc gasol,19688000,2016
1371,damian jones,1171560,2017
1304,georgios papagiannis,2202240,2017
2956,terrance ferguson,2475840,2020
943,adonis thomas,845059,2016
218,furkan aldemir,2963232,2015
1296,mason plumlee,2328530,2017
809,justin anderson,1449000,2016
1636,allen crabbe,18500000,2018
1429,devyn marble,980431,2017
313,rodney hood,1290360,2015
1594,mike conley,28530608,2018
2117,gracin bakumanya,543471,2018
2293,matthew dellavedova,9607500,2019
298,scotty hopson,1450878,2015
848,garrett temple,1100602,2016
1783,c.j. watson,5000000,2018
1561,yogi ferrell,207798,2017
1949,josh childress,1471382,2018
2195,marc gasol,24119025,2019
1496,drew crawford,543471,2017
1685,zach randolph,12307692,2018
2106,deandre liggins,588120,2018
2102,cameron oliver,815615,2018
2323,doug mcdermott,7333333,2019
2597,melvin frazier jr.,1050000,2019
2471,ante zizic,1952760,2019
309,john jenkins,1312920,2015
1068,tristan thompson,15330435,2017
1722,cristiano felicio,8470980,2018
3077,isaiah roby,1500000,2020
1723,e'twaun moore,8445024,2018
195,bojan bogdanovic,3278000,2015
1492,fred vanvleet,543471,2017
3139,kz okpala,898310,2020
2714,aaron gordon,19863636,2020
1188,wesley johnson,5628000,2017
1115,mirza teletovic,10500000,2017
1874,denzel valentine,2280600,2018
1103,nikola vucevic,11750000,2017
2022,chris johnson,1050961,2018
310,josh powell,1310286,2015
1446,andrew harrison,945000,2017
2010,paul zipser,1312611,2018
2680,paul millsap,30350000,2020
25,gordon hayward,14746000,2015
1169,spencer hawes,6348759,2017
3086,svi mykhailiuk,1416852,2020
3085,iman shumpert,1419138,2020
727,maurice harkless,2894059,2016
588,alec burks,9463484,2016
2770,brook lopez,12093023,2020
3137,talen horton-tucker,898310,2020
60,steve nash,9701000,2015
1346,michael beasley,1403611,2017
402,j.j. barea,909859,2015
278,jeremy evans,1794871,2015
1930,josh huestis,1471382,2018
1851,cedi osman,2775000,2018
2888,zach collins,4240200,2020
305,victor claver,1370000,2015
178,alex len,3649920,2015
456,sim bhullar,507336,2015
606,ersan ilyasova,7900000,2016
319,shawne williams,1227985,2015
1406,elton brand,980431,2017
302,jared sullinger,1424520,2015
2710,victor oladipo,21000000,2020
2501,rodions kurucs,1618320,2019
458,keith appling,507336,2015
3125,james nunnally,1349383,2020
2478,moritz wagner,1762080,2019
2472,shabazz napier,1942422,2019
235,trey burke,2548560,2015
288,ryan kelly,1650000,2015
2422,bam adebayo,2955840,2019
1014,thanasis antetokounmpo,30888,2016
562,nikola pekovic,12100000,2016
1586,quinn cook,15984,2017
207,alec burks,3034356,2015
2457,kevin huerter,2250960,2019
1865,bruno caboclo,2451225,2018
2591,tyrone wallace,1349383,2019
513,dwight howard,22359364,2016
1704,maurice harkless,10162922,2018
1179,patrick beverley,6000000,2017
2778,maurice harkless,11011234,2020
2868,frank ntilikina,4855800,2020
1126,jerryd bayless,9424084,2017
1487,rasheed sulaimon,543471,2017
2931,nickeil alexander-walker,2964840,2020
790,ryan kelly,1724250,2016
1932,montrezl harrell,1471382,2018
2450,jarell martin,2416222,2019
2658,duncan robinson,9474,2019
98,wilson chandler,6757913,2015
1226,lavoy allen,4000000,2017
132,zaza pachulia,5200000,2015
1285,thon maker,2568600,2017
1280,dennis schroder,2708582,2017
1421,alan anderson,980431,2017
1934,damjan rudez,1471382,2018
417,matthew dellavedova,816482,2015
2653,deyonta davis,25367,2019
532,kawhi leonard,16407500,2016
1660,andre iguodala,14814815,2018
1838,ekpe udoh,3200000,2018
2169,chris paul,35654150,2019
1206,jason smith,5000000,2017
1844,justin hamilton,3000000,2018
1367,livio jean-charles,1188840,2017
2620,kenneth faried,683661,2019
629,spencer hawes,6110034,2016
1878,brandon jennings,2222803,2018
2843,milos teodosic,6300000,2020
849,jeremy evans,1100602,2016
1036,marc gasol,21165675,2017
843,chris mccullough,1140240,2016
1052,greg monroe,17145838,2017
1364,kyle anderson,1192080,2017
2207,victor oladipo,21000000,2019
3126,kevin porter jr.,1290960,2020
829,boban marjanovic,1200000,2016
2864,dirk nowitzki,5000000,2020
5,chris bosh,20644400,2015
674,jason smith,4300000,2016
1944,david west,1471382,2018
1260,michael carter-williams,3183526,2017
2584,jabari bird,1349464,2019
2897,javale mcgee,4000000,2020
1002,bryce dejean-jones,169883,2016
2595,jalen brunson,1230000,2019
2172,blake griffin,32088932,2019
3148,caleb martin,898310,2020
1195,d'angelo russell,5332800,2017
2872,avery bradley,4767000,2020
2587,ryan arcidiacono,1349383,2019
2039,orlando johnson,980431,2018
786,terry rozier,1824360,2016
254,aron baynes,2077000,2015
919,damien inglis,855000,2016
2566,wes iwundu,1378242,2019
3017,christian wood,1645357,2020
1516,beau beech,543471,2017
935,jabari brown,845059,2016
2659,kendrick nunn,4737,2019
2028,chris wright,980431,2018
2523,jake layman,1544951,2019
2686,cj mccollum,27556959,2020
654,chris kaman,5016000,2016
3002,mario hezonja,1737145,2020
3102,duncan robinson,1416852,2020
2768,patrick beverley,12345680,2020
2438,dario saric,2526840,2019
1423,dorell wright,980431,2017
2073,terry henderson,815615,2018
3150,justin robinson,898310,2020
2138,jonathan holmes,543471,2018
2116,nicolas laprovittola,543471,2018
1178,ish smith,6000000,2017
1317,lucas nogueira,1921320,2017
1675,eric gordon,12943020,2018
2092,ladontae henton,815615,2018
2171,russell westbrook,35654150,2019
267,dejuan blair,2000000,2015
2504,dwight buycks,1600520,2019
949,tim frazier,845059,2016
2925,troy brown jr.,3219480,2020
2526,alex poythress,1544951,2019
1107,solomon hill,11241218,2017
3091,alize johnson,1416852,2020
2774,tony snell,11392857,2020
339,robert covington,1000000,2015
3153,javonte green,898310,2020
605,markieff morris,8000000,2016
30,al jefferson,13500000,2015
2119,maurice ndour,543471,2018
2877,robin lopez,4767000,2020
1695,monta ellis,11227000,2018
2835,ersan ilyasova,7000000,2020
2345,montrezl harrell,6000000,2019
49,javale mcgee,11250000,2015
2094,daniel theis,815615,2018
555,joakim noah,13400000,2016
2703,marc gasol,25595700,2020
2410,cameron payne,3263294,2019
1175,andrew wiggins,6006600,2017
1101,marcin gortat,12000000,2017
113,patrick patterson,5831326,2015
585,zach randolph,9638555,2016
609,boris diaw,7500000,2016
1418,steve novak,980431,2017
2787,darren collison,10000000,2020
3042,alec burks,1620564,2020
1608,giannis antetokounmpo,24157303,2018
1111,austin rivers,11000000,2017
203,quincy pondexter,3146068,2015
2001,michael gbinije,1312611,2018
18,brook lopez,15719062,2015
658,marcus morris sr.,5000000,2016
198,carlos boozer,3251000,2015
1286,randy foye,2500000,2017
1502,kaleb tarczewski,543471,2017
1532,nikola jovanovic,543471,2017
860,joe young,1007026,2016
1656,dennis schroder,15500000,2018
1149,al-farouq aminu,7680965,2017
1542,d'vauntes smith-rivera,543471,2017
2922,juancho hernangomez,3321030,2020
3061,chris boucher,1588231,2020
342,garrett temple,981084,2015
1965,josh hart,1394520,2018
259,beno udrih,2077000,2015
2644,chris chiozza,90005,2019
1116,jared dudley,10470000,2017
134,michael kidd-gilchrist,5016960,2015
1822,jodie meeks,3454500,2018
2297,josh richardson,9367200,2019
179,dante exum,3615000,2015
547,danilo gallinari,14000000,2016
284,tyler zeller,1703760,2015
1091,arron afflalo,12500000,2017
1862,reggie bullock,2500000,2018
948,dwight powell,845059,2016
2131,ben bentil,543471,2018
2666,john wall,38199000,2020
409,damien inglis,820000,2015
2866,jaxson hayes,4862040,2020
3178,tyler zeller,245686,2020
3098,isaiah hartenstein,1416852,2020
2224,draymond green,17469565,2019
20,david lee,15012000,2015
2998,shabazz napier,1845301,2020
516,kevin durant,20158622,2016
2100,jaylen johnson,815615,2018
1995,aj hammons,1312611,2018
507,seth curry,48028,2015
1074,tony parker,14445313,2017
773,david lee,2085671,2016
167,aaron gordon,3992040,2015
2728,evan fournier,17150000,2020
1015,lebron james,30963450,2017
2023,anthony bennett,1015696,2018
1657,tony parker,15453126,2018
3169,anzejs pasecniks,482144,2020
525,paul millsap,18671659,2016
1006,jordan mcrae,111196,2016
2346,ish smith,6000000,2019
1333,delon wright,1577280,2017
2337,mario hezonja,6500000,2019
1216,jameer nelson,4540525,2017
2938,alex caruso,2750000,2020
1592,kyle lowry,31200000,2018
343,alexis ajinca,981084,2015
1463,pat connaughton,874636,2017
1236,kris dunn,3872520,2017
13,zach randolph,16500000,2015
1313,kendall marshall,2048257,2017
2405,shai gilgeous-alexander,3375360,2019
3055,dwayne bacon,1618520,2020
186,damian lillard,3340920,2015
2959,grayson allen,2429400,2020
1246,drew gooden,3547000,2017
2756,thaddeus young,12900000,2020
1370,dejounte murray,1180080,2017
1256,julius randle,3267120,2017
1749,d'angelo russell,7019698,2018
2535,amir johnson,1512601,2019
1590,blake griffin,32088932,2018
1585,elijah millsap,23069,2017
1666,gorgui dieng,14112360,2018
2628,enes freedom,487109,2019
2550,christian wood,1512601,2019
1306,andre roberson,2183072,2017
1537,keith hornsby,543471,2017
2257,wilson chandler,12800562,2019
1185,shaun livingston,5782450,2017
2145,lamar patterson,246956,2018
1203,brandon jennings,5000000,2017
1669,taj gibson,14000000,2018
21,dwyane wade,15000000,2015
509,david stockton,29483,2015
2442,reggie bullock,2500000,2019
2920,michael porter jr.,3389400,2020
2781,spencer dinwiddie,10605600,2020
1076,demarre carroll,14200000,2017
2052,chris andersen,980431,2018
616,cory joseph,7000000,2016
2944,caris levert,2625718,2020
2821,luka doncic,7683360,2020
2481,caleb swanigan,1740000,2019
668,mike dunleavy,4500000,2016
1956,tony allen,1471382,2018
1438,james jones,980431,2017
1478,paul zipser,750000,2017
1444,will bynum,980431,2017
285,dennis schroder,1690680,2015
774,shabazz muhammad,2056920,2016
2385,frank ntilikina,4155720,2019
2875,justin holiday,4767000,2020
1388,justin holiday,1015696,2017
1209,joel embiid,4826160,2017
469,dwight powell,507336,2015
2140,brandan wright,490461,2018
1867,trey lyles,2441400,2018
767,kendall marshall,2144772,2016
3161,marvin williams,604278,2020
577,wilson chandler,10449438,2016
646,tim duncan,5250000,2016
1525,zach auguste,543471,2017
266,kent bazemore,2000000,2015
374,kyle o'quinn,915243,2015
1059,demarcus cousins,16957900,2017
784,lucas nogueira,1842000,2016
464,shayne whittington,507336,2015
2430,troy brown jr.,2749080,2019
1150,cole aldrich,7643979,2017
1273,seth curry,2898000,2017
196,jason smith,3278000,2015
1805,frank ntilikina,4155720,2018
572,kenneth faried,11235955,2016
2519,rodney mcgruder,1544951,2019
1043,paul millsap,20072033,2017
2186,joel embiid,25467250,2019
3041,tyson chandler,1620564,2020
2673,klay thompson,32742000,2020
1682,miles plumlee,12500000,2018
1490,kay felder,543471,2017
450,kj mcdaniels,507336,2015
2784,norman powell,10116576,2020
491,james michael mcadoo,167122,2015
986,michael beasley,306527,2016
1139,kosta koufos,8046500,2017
1922,johnny o'bryant iii,1524305,2018
1498,ron baker,543471,2017
401,cole aldrich,915243,2015
2163,jonathan gibson,44495,2018
2604,chasson randle,869094,2019
3180,jontay porter,197933,2020
2364,tony parker,5000000,2019
2047,elliot williams,980431,2018
1266,giannis antetokounmpo,2995421,2017
1868,t.j. leaf,2407560,2018
1386,andrew goudelock,1015696,2017
731,udonis haslem,2854940,2016
394,charlie villanueva,915243,2015
702,marcus smart,3431040,2016
2379,justin holiday,4384616,2019
1007,erick green,99418,2016
1644,draymond green,17469565,2018
1162,isaiah thomas,6587132,2017
2574,sterling brown,1378242,2019
2433,domantas sabonis,2659800,2019
1570,manny harris,115344,2017
2115,richard solomon,543471,2018
2228,derrick favors,16900000,2019
2965,aaron holiday,2329200,2020
1648,reggie jackson,17043478,2018
1287,richard jefferson,2500000,2017
1276,james ennis iii,2898000,2017
269,elton brand,2000000,2015
3175,norvel pelle,350189,2020
1363,pascal siakam,1196040,2017
1026,dwyane wade,23200000,2017
506,ricky ledo,48028,2015
2840,ivica zubac,6481482,2020
1841,zach collins,3057240,2018
1896,furkan korkmaz,1740000,2018
385,hedo turkoglu,915243,2015
2283,meyers leonard,10595506,2019
2993,robert williams iii,1937520,2020
2398,rodney hood,3472887,2019
2775,robert covington,11301219,2020
3034,jared dudley,1620564,2020
542,chandler parsons,15361500,2016
1643,tristan thompson,17469565,2018
1205,roy hibbert,5000000,2017
2546,jonas jerebko,1512601,2019
3014,georges niang,1645357,2020
1971,damyean dotson,1378242,2018
229,udonis haslem,2732000,2015
2439,taurean prince,2526840,2019
1485,jake layman,600000,2017
1299,tim hardaway jr.,2281605,2017
715,julius randle,3132240,2016
2567,jawun evans,1378242,2019
789,rashad vaughn,1733040,2016
709,mike scott,3333333,2016
2578,zhou qi,1378242,2019
2812,kentavious caldwell-pope,8089282,2020
2154,aaron harrison,91442,2018
323,reggie bullock,1200720,2015
2301,cristiano felicio,8740980,2019
282,jusuf nurkic,1762680,2015
704,bojan bogdanovic,3425510,2016
3167,demarre carroll,512721,2020
1152,festus ezeli,7400000,2017
2876,ed davis,4767000,2020
2767,tyreke evans,12400000,2020
712,kj mcdaniels,3189794,2016
1124,iman shumpert,9662922,2017
365,sebastian telfair,915243,2015
745,tyler zeller,2616975,2016
2319,kyle korver,7560000,2019
1288,malcolm delaney,2500000,2017
2822,joe harris,7666667,2020
3183,luguentz dort,155647,2020
2419,jerome robinson,3046200,2019
1912,isaiah taylor,1544951,2018
2024,andrew goudelock,1015696,2018
1536,jameel warney,543471,2017
1044,ryan anderson,18735364,2017
461,joe ingles,507336,2015
346,josh harrellson,948163,2015
1792,kyle singler,4666500,2018
154,otto porter jr.,4470480,2015
1135,dwight powell,8375000,2017
2607,kenrich williams,838464,2019
2564,khem birch,1378242,2019
1201,langston galloway,5200000,2017
564,kyle lowry,12000000,2016
2711,tim hardaway jr.,20025127,2020
3090,kenrich williams,1416852,2020
1546,julyan stone,543471,2017
44,nicolas batum,11765500,2015
1359,luke babbitt,1227286,2017
12,blake griffin,17674613,2015
2254,michael kidd-gilchrist,13000000,2019
1147,trevor ariza,7806971,2017
2042,dorell wright,980431,2018
1936,axel toupane,1471382,2018
2748,eric gordon,14057730,2020
1954,raul neto,1471382,2018
1344,rodney hood,1406520,2017
1968,jaylen morris,1378242,2018
1321,rashad vaughn,1811040,2017
2453,lonnie walker iv,2357160,2019
1054,enes freedom,17145838,2017
853,jon leuer,1035000,2016
197,kemba walker,3272091,2015
14,lamarcus aldridge,16006000,2015
2255,khris middleton,13000000,2019
296,tony snell,1472400,2015
936,marcus landry,845059,2016
1832,tarik black,3290000,2018
586,mike conley,9588426,2016
94,marvin williams,7000000,2015
1136,avery bradley,8269663,2017
772,mo williams,2100000,2016
399,robert sacre,915243,2015
2726,derrick favors,17650000,2020
1411,joe harris,980431,2017
1142,yi jianlian,8000000,2017
2484,caris levert,1702800,2019
3094,chimezie metu,1416852,2020
2841,darius garland,6400920,2020
356,ryan hollins,915243,2015
1729,garrett temple,8000000,2018
589,omer asik,9213483,2016
1238,nemanja bjelica,3800000,2017
1833,anthony tolliver,3290000,2018
600,al-farouq aminu,8042895,2016
680,vince carter,4088019,2016
1649,bismack biyombo,17000000,2018
208,ben mclemore,3026280,2015
1037,brook lopez,21165675,2017
2727,andre iguodala,17185185,2020
1893,eric moreland,1826300,2018
408,ish smith,861405,2015
349,jeremy tyler,948163,2015
640,shaun livingston,5543725,2016
95,brandon bass,6900000,2015
312,solomon hill,1302840,2015
2942,john collins,2686560,2020
1395,nate wolters,980431,2017
2964,chandler hutchison,2332320,2020
2954,rondae hollis-jefferson,2500000,2020
1845,tomas satoransky,3000000,2018
1283,elfrid payton,2613600,2017
436,mike muscala,816482,2015
1540,derrick jones jr.,543471,2017
814,solomon hill,1358880,2016
2084,troy caupain,815615,2018
1843,mindaugas kuzminskas,3025035,2018
2048,cameron bairstow,980431,2018
2352,alex abrines,5455236,2019
1753,lou williams,7000000,2018
1450,reggie williams,895197,2017
3080,brad wanamaker,1445697,2020
2870,richaun holmes,4767000,2020
3132,terance mann,1000000,2020
1615,chandler parsons,23112004,2018
1390,mike muscala,1015696,2017
1963,tony bradley,1414920,2018
857,joey dorsey,1015421,2016
2588,daniel hamilton,1349383,2019
331,marquis teague,1120920,2015
1129,gerald henderson,9000000,2017
1642,kentavious caldwell-pope,17745894,2018
1387,jeff withey,1015696,2017
1979,alex poythress,1378242,2018
1706,darren collison,10000000,2018
1980,sasha kaun,1333240,2018
1715,andre roberson,9259260,2018
3046,tim frazier,1620564,2020
142,tony allen,4831461,2015
61,paul millsap,9500000,2015
1191,tony allen,5505618,2017
778,festus ezeli,2008748,2016
1212,jaylen brown,4743000,2017
1105,jrue holiday,11286518,2017
2025,isaiah canaan,997547,2018
947,elijah millsap,845059,2016
632,andrew wiggins,5758680,2016
444,gal mekel,633974,2015
744,noah vonleh,2637720,2016
2294,dante exum,9600000,2019
2810,cristiano felicio,8156500,2020
1294,gorgui dieng,2348783,2017
1847,bam adebayo,2955840,2018
384,glen davis,915243,2015
1468,luis montero,874636,2017
966,shannon scott,525093,2016
626,jarrett jack,6300000,2016
1131,taj gibson,8950000,2017
881,sasha vujacic,947276,2016
2491,marshon brooks,1656092,2019
1817,drew gooden,3547000,2018
260,steve blake,2077000,2015
1240,bojan bogdanovic,3730653,2017
868,john jenkins,981348,2016
2432,guerschon yabusele,2667600,2019
2404,brook lopez,3382000,2019
732,kirk hinrich,2854940,2016
2752,jordan clarkson,13437500,2020
2837,nemanja bjelica,6825000,2020
1430,jamychal green,980431,2017
170,kevin seraphin,3898692,2015
303,gorgui dieng,1413480,2015
3032,udonis haslem,1620564,2020
1234,kyle o'quinn,3918750,2017
153,ben gordon,4500000,2015
1820,mike miller,3500000,2018
2242,luke babbitt,14651700,2019
987,steve novak,295327,2016
1100,kyle lowry,12000000,2017
2390,dennis smith jr.,3819960,2019
665,joel embiid,4626960,2016
713,ben mclemore,3156600,2016
819,nikola jokic,1300000,2016
970,jamil wilson,525093,2016
2559,mitchell robinson,1485440,2019
253,vitor faverani,2090000,2015
698,terrence ross,3553917,2016
345,jon leuer,967500,2015
603,o.j. mayo,8000000,2016
932,spencer dinwiddie,845059,2016
2165,andre ingram,13824,2018
3158,juwan morgan,746054,2020
1689,wilson chandler,12016854,2018
724,john henson,2943221,2016
742,luke ridnour,2750000,2016
3015,treveon graham,1645357,2020
1676,kenneth faried,12921348,2018
224,kentavious caldwell-pope,2772480,2015
2598,nick young,1042584,2019
1923,tyler ennis,1524305,2018
1109,andre iguodala,11131368,2017
1989,tyler ulis,1312611,2018
1327,joffrey lauvergne,1709719,2017
635,bradley beal,5694674,2016
369,greg stiemsma,915243,2015
2724,myles turner,18000000,2020
962,scottie wilbekin,525093,2016
2452,wayne ellington,2383076,2019
395,rashard lewis,915243,2015
63,tiago splitter,9250000,2015
575,jrue holiday,10595507,2016
1634,enes freedom,18622514,2018
662,trevor booker,4775000,2016
1777,thabo sefolosha,5500000,2018
348,greg smith,948163,2015
871,thomas robinson,981348,2016
281,lucas nogueira,1762680,2015
407,allen crabbe,862000,2015
676,damian lillard,4236287,2016
2373,dragan bender,4661280,2019
1440,sean kilpatrick,980431,2017
2758,courtney lee,12759670,2020
1655,ian mahinmi,15944154,2018
2041,steve novak,980431,2018
1897,caris levert,1702800,2018
252,steven adams,2184960,2015
959,duje dukan,525093,2016
52,stephen curry,10629213,2015
560,rudy gay,12403101,2016
2277,john henson,11327466,2019
844,kevon looney,1131960,2016
2603,austin rivers,922943,2019
1763,josh mcroberts,6021175,2018
2806,marvin bagley iii,8556120,2020
89,pau gasol,7128000,2015
904,jeff withey,947276,2016
2276,alec burks,11536515,2019
1740,darrell arthur,7464912,2018
1789,alexis ajinca,4961798,2018
1261,steven adams,3140517,2017
1356,clint capela,1296240,2017
301,mike james,1448490,2015
2509,quinn cook,1544951,2019
1677,marcin gortat,12782609,2018
890,metta world peace,947276,2016
2862,wendell carter jr.,5201400,2020
3120,aaron jackson,1378242,2020
955,jarell eddie,561716,2016
541,gordon hayward,15409570,2016
1962,kyle kuzma,1423560,2018
907,samuel dalembert,947276,2016
1447,raul neto,937800,2017
3067,georgios papagiannis,1544951,2020
722,d.j. augustin,3000000,2016
2055,rade zagorac,950000,2018
780,dejuan blair,2000000,2016
164,danny green,4025000,2015
1066,kent bazemore,15730338,2017
2402,myles turner,3410284,2019
1215,cj miles,4583450,2017
2361,aron baynes,5193600,2019
1087,brandon knight,12606250,2017
2522,willy hernangomez,1544951,2019
1831,tyreke evans,3290000,2018
426,chris babb,816482,2015
2763,miles plumlee,12500000,2020
2668,kyle lowry,34996296,2020
2158,jordan crawford,58190,2018
1974,sterling brown,1378242,2018
1187,brandan wright,5709880,2017
1810,nemanja bjelica,3949999,2018
2427,seth curry,2795000,2019
180,brandon knight,3553917,2015
66,lance stephenson,9000000,2015
2827,derrick rose,7317073,2020
546,draymond green,14260870,2016
2517,andrew harrison,1544951,2019
1302,devin booker,2223600,2017
1392,brian roberts,980431,2017
150,bradley beal,4505280,2015
2384,kris dunn,4221000,2019
1264,justin hamilton,3000000,2017
2288,jon leuer,10002681,2019
1629,john wall,19169800,2018
1466,norman powell,874636,2017
1020,demar derozan,26540100,2017
1182,ben simmons,5903160,2017
1417,xavier henry,980431,2017
768,jeremy lin,2139000,2016
888,jason terry,947276,2016
32,andrew bogut,12972973,2015
2396,michael beasley,3500000,2019
316,hasheem thabeet,1250000,2015
2575,david stockton,1378242,2019
694,nick collison,3750000,2016
830,earl clark,1185784,2016
1422,brandon bass,980431,2017
736,omri casspi,2836186,2016
2180,al horford,28928709,2019
1620,rudy gobert,21924719,2018
805,david west,1499187,2016
1604,andre drummond,25434263,2018
243,tobias harris,2380594,2015
2674,kemba walker,32742000,2020
2530,david nwaba,1512601,2019
3093,devonte' graham,1416852,2020
2932,d.j. wilson,2961120,2020
2200,rudy gobert,23241573,2019
1000,andrew goudelock,200600,2016
2891,nicolo melli,4102564,2020
2132,jameel warney,543471,2018
1607,chris paul,24599495,2018
1365,josh huestis,1191480,2017
2397,jamal murray,3499800,2019
1082,rudy gay,13333333,2017
1377,chris johnson,1050961,2017
2934,donte divincenzo,2905800,2020
1272,mindaugas kuzminskas,2898000,2017
414,carrick felix,816482,2015
2317,karl-anthony towns,7839435,2019
2451,t.j. leaf,2407560,2019
1839,t.j. warren,3152931,2018
1325,tyler ennis,1733880,2017
2210,kyrie irving,20099189,2019
1473,john holland,874636,2017
1202,c.j. watson,5000000,2017
2215,john wall,19169800,2019
39,nikola pekovic,12100000,2015
2344,jonathon simmons,6000000,2019
1775,patrick beverley,5513514,2018
2863,daniel theis,5000000,2020
2483,landry shamet,1703649,2019
1891,harry giles iii,1859400,2018
1493,kyle wiltjer,543471,2017
1548,jonathan holmes,543471,2017
1774,brandon ingram,5519400,2018
1588,dahntay jones,5767,2017
1270,marquese chriss,2941440,2017
2095,zhou qi,815615,2018
173,patty mills,3842105,2015
99,jason richardson,6601125,2015
1028,chris paul,22868827,2017
2004,kalin lucas,1312611,2018
2621,brandon goodwin,630032,2019
2003,isaiah whitehead,1312611,2018
2463,raul neto,2150000,2019
1637,goran dragic,18109175,2018
808,caron butler,1449187,2016
146,corey brewer,4702500,2015
1973,dwayne bacon,1378242,2018
2514,dorian finney-smith,1544951,2019
973,greg whittington,525093,2016
1863,bobby portis,2494346,2018
430,troy daniels,816482,2015
1233,dante exum,3940320,2017
2586,ben moore,1349383,2019
2065,kevin murphy,874636,2018
570,nikola vucevic,11250000,2016
2547,jose calderon,1512601,2019
2885,kevin knox ii,4380120,2020
1467,t.j. mcconnell,874636,2017
3050,dillon brooks,1618520,2020
2718,jeff teague,19000000,2020
591,iman shumpert,8988765,2016
748,cj mccollum,2525160,2016
460,alex kirk,507336,2015
526,paul george,17120106,2016
1360,jeremy evans,1227286,2017
2740,james johnson,15349400,2020
2764,terrence ross,12500000,2020
76,jeff teague,8000000,2015
2616,khyri thomas,838464,2019
2630,chris boucher,457418,2019
833,jordan mickey,1170960,2016
2155,marquis teague,74186,2018
508,andre dawkins,29843,2015
1764,shelvin mack,6000000,2018
683,ian mahinmi,4000000,2016
922,jordan clarkson,845059,2016
551,eric bledsoe,13500000,2016
886,tayshaun prince,947276,2016
451,eric moreland,507336,2015
1544,thomas walkup,543471,2017
396,james jones,915243,2015
2299,bogdan bogdanovic,9000000,2019
2444,dante cunningham,2487000,2019
1996,ivica zubac,1312611,2018
1961,richard jefferson,1454756,2018
1065,goran dragic,15891725,2017
3006,rodions kurucs,1699236,2020
1213,alexis ajinca,4638203,2017
424,tony mitchell,816482,2015
1905,tyler lydon,1579440,2018
2263,tyreke evans,12400000,2019
1811,stanley johnson,3940402,2018
1307,joe ingles,2150000,2017
1595,russell westbrook,28530608,2018
2589,antonio blakeney,1349383,2019
2068,christian wood,874636,2018
2266,jj redick,12250000,2019
2978,sean kilpatrick,2054856,2020
58,luol deng,9714461,2015
2719,evan turner,18606556,2020
916,jason richardson,947276,2016
2292,dwight powell,9631250,2019
1987,semaj christon,1312611,2018
2334,al-farouq aminu,6957105,2019
1404,james michael mcadoo,980431,2017
2164,pierre jackson,31969,2018
3162,michael kidd-gilchrist,595122,2020
1779,ben mclemore,5200000,2018
2882,kevon looney,4464226,2020
2571,royce o'neale,1378242,2019
481,amar'e stoudemire,306876,2015
2605,gary trent jr.,838464,2019
918,jimmer fredette,874837,2016
2156,mike tobey,67135,2018
2929,quinn cook,3000000,2020
1218,aaron gordon,4351320,2017
762,danny granger,2170465,2016
2632,markieff morris,427288,2019
1123,omer asik,9904494,2017
1747,dewayne dedmon,7200000,2018
1351,shabazz napier,1350120,2017
2520,paul zipser,1544951,2019
837,chris copeland,1150000,2016
227,nik stauskas,2745840,2015
366,nazr mohammed,915243,2015
1547,quincy ford,543471,2017
582,danny green,10000000,2016
2197,harrison barnes,24107258,2019
466,james ennis iii,507336,2015
1056,evan fournier,17000000,2017
1088,john henson,12517606,2017
48,tyreke evans,11265416,2015
1476,josh richardson,874636,2017
2013,jake layman,1312611,2018
1034,chandler parsons,22116750,2017
642,p.j. tucker,5500000,2016
2093,naz mitrou-long,815615,2018
2214,tim hardaway jr.,19200127,2019
2773,zach randolph,11692308,2020
419,grant jerrett,816482,2015
3057,semi ojeleye,1618520,2020
2082,brandon paul,815615,2018
1924,elijah millsap,1524305,2018
454,khem birch,507336,2015
2144,derrick rose,290951,2018
863,robert covington,1000000,2016
1982,patrick mccaw,1312611,2018
3079,shake milton,1455697,2020
2766,patty mills,12428571,2020
1265,tibor pleiss,3000000,2017
1888,ante zizic,1952760,2018
28,james harden,14728844,2015
755,doug mcdermott,2380440,2016
637,courtney lee,5675000,2016
1890,rashad vaughn,1889040,2018
2933,cedi osman,2907143,2020
728,kentavious caldwell-pope,2891760,2016
1883,sean kilpatrick,2054856,2018
500,bryce cotton,92514,2015
2649,jemerrio jones,52108,2019
413,justin hamilton,816482,2015
2312,deandre ayton,8165160,2019
771,miles plumlee,2109294,2016
558,ricky rubio,12700000,2016
1032,anthony davis,22116750,2017
1038,kevin love,21165675,2017
796,lou amundson,1635476,2016
2353,patrick patterson,5451600,2019
1714,josh richardson,9367200,2018
1795,lauri markkanen,4536120,2018
2642,deonte burton,151587,2019
1976,jordan bell,1378242,2018
37,serge ibaka,12350000,2015
2625,salah mejri,512746,2019
1426,pablo prigioni,980431,2017
3143,nic claxton,898310,2020
1875,larry nance jr.,2272391,2018
717,emmanuel mudiay,3102240,2016
31,eric bledsoe,13000000,2015
1210,alex len,4823621,2017
124,martell webster,5381750,2015
64,jeff green,9200000,2015
775,joe ingles,2050000,2016
2869,rodney mcgruder,4807693,2020
2867,buddy hield,4861208,2020
205,klay thompson,3075880,2015
45,ty lawson,11595506,2015
393,ivan johnson,915243,2015
2987,mfiondu kabengele,1977000,2020
2222,evan turner,17868853,2019
2089,royce o'neale,815615,2018
3146,jalen lecque,898310,2020
2511,chinanu onuaku,1544951,2019
1081,ricky rubio,13550000,2017
2496,deandre' bembry,1634640,2019
3045,raul neto,1620564,2020
1535,ben bentil,543471,2017
2552,devin harris,1512601,2019
1154,jj redick,7377500,2017
2108,andrew andrews,543471,2018
1842,seth curry,3028410,2018
2349,kristaps porzingis,5697054,2019
172,bismack biyombo,3873398,2015
612,jj redick,7085000,2016
1064,ian mahinmi,15944154,2017
2817,lou williams,8000000,2020
2407,ekpe udoh,3360000,2019
459,cleanthony early,507336,2015
539,eric gordon,15514031,2016
2081,bryce alford,815615,2018
1405,cory jefferson,980431,2017
1694,omer asik,11286516,2018
992,andre miller,250750,2016
1526,nick zeisloft,543471,2017
280,reggie evans,1768653,2015
2777,omer asik,11286516,2020
1827,jamal murray,3355320,2018
3029,nerlens noel,1620564,2020
2046,devyn marble,980431,2018
42,david west,12000000,2015
462,travis wear,507336,2015
328,cartier martin,1145685,2015
2313,garrett temple,8000000,2019
2533,troy williams,1512601,2019
372,ronnie price,915243,2015
350,donald sloan,948163,2015
951,bryce cotton,700902,2016
1001,jorge gutierrez,189455,2016
344,al-farouq aminu,981084,2015
272,t.j. warren,1953120,2015
442,spencer dinwiddie,700000,2015
759,aaron brooks,2250000,2016
1562,larry sanders,207722,2017
502,jabari brown,59686,2015
1688,nikola pekovic,12100000,2018
3082,wenyen gabriel,1445697,2020
1511,derek cooke jr.,543471,2017
2536,derrick rose,1512601,2019
162,samuel dalembert,4051527,2015
1352,willy hernangomez,1350000,2017
651,jabari parker,5152440,2016
882,seth curry,947276,2016
2434,jerian grant,2639314,2019
2577,daniel theis,1378242,2019
19,russell westbrook,15719062,2015
1654,timofey mozgov,16000000,2018
404,joe harris,884879,2015
283,zoran dragic,1706225,2015
2521,wayne selden,1544951,2019
1926,omri casspi,1471382,2018
200,gary neal,3250000,2015
1894,sam dekker,1794600,2018
1098,kenneth faried,12078652,2017
1486,marcus paige,543471,2017
1703,iman shumpert,10337079,2018
946,tarik black,845059,2016
569,stephen curry,11370786,2016
1086,jr smith,12800000,2017
621,greivis vasquez,6600000,2016
2056,ivan rabb,950000,2018
1990,chinanu onuaku,1312611,2018
2078,frank jackson,815615,2018
530,wesley matthews,16407500,2016
2967,damian jones,2305057,2020
2103,jordan mathews,815615,2018
1155,cory joseph,7315000,2017
1214,marcus morris sr.,4625000,2017
1815,buddy hield,3675480,2018
897,jared cunningham,947276,2016
981,josh richardson,525093,2016
1221,dragan bender,4276320,2017
3027,kyle o'quinn,1620564,2020
2627,jeremy lin,487109,2019
2731,timofey mozgov,16720000,2020
2233,ian mahinmi,15944154,2019
1854,donovan mitchell,2621280,2018
2815,thomas bryant,8000000,2020
1985,carrick felix,1312611,2018
3070,isaiah whitehead,1544951,2020
157,kris humphries,4250000,2015
2913,t.j. mcconnell,3500000,2020
136,trevor booker,5000000,2015
65,jordan hill,9000000,2015
1320,james young,1825200,2017
2648,tyler zeller,59820,2019
2365,alan williams,5000000,2019
2303,fred vanvleet,8653847,2019
2420,elfrid payton,3000000,2019
3174,juan toscano-anderson,350189,2020
1275,zaza pachulia,2898000,2017
2176,mike conley,30521115,2019
440,malcolm lee,710659,2015
2226,reggie jackson,17043478,2019
2525,dejounte murray,1544951,2019
2865,kyle singler,4996000,2020
887,isaiah canaan,947276,2016
655,darren collison,5013559,2016
2085,jawun evans,815615,2018
2193,steven adams,24157303,2019
371,jimmer fredette,915243,2015
2901,miles bridges,3755400,2020
3010,willy hernangomez,1676735,2020
2811,ben simmons,8113930,2020
1951,maalik wayns,1471382,2018
1700,mirza teletovic,10500000,2018
533,enes freedom,16407500,2016
2755,justise winslow,13000000,2020
1955,willie reed,1471382,2018
2321,darrell arthur,7464912,2019
35,joakim noah,12700000,2015
1903,t.j. mcconnell,1600520,2018
2289,andre roberson,10000000,2019
1603,bradley beal,25434263,2018
1247,will barton,3533333,2017
994,ryan hollins,239605,2016
1882,juancho hernangomez,2076840,2018
471,will cherry,495399,2015
874,henry sims,947276,2016
3037,justin patton,1620564,2020
441,darius morris,702756,2015
499,jorge gutierrez,96056,2015
2429,sam dekker,2760095,2019
1425,shayne whittington,980431,2017
2926,yogi ferrell,3150000,2020
711,andre drummond,3272091,2016
2134,d'vauntes smith-rivera,543471,2018
1292,shelvin mack,2433334,2017
214,d.j. augustin,3000000,2015
2435,delon wright,2536898,2019
2914,boban marjanovic,3500000,2020
2825,doug mcdermott,7333333,2020
2391,kevin knox ii,3739920,2019
2741,bobby portis,15000000,2020
1840,marquese chriss,3073800,2018
740,sonny weems,2814000,2016
315,tim hardaway jr.,1250640,2015
3073,omri casspi,1512601,2020
2749,mason plumlee,14041096,2020
1667,marvin williams,14087500,2018
723,anthony tolliver,3000000,2016
2818,rj barrett,7839960,2020
965,maurice ndour,525093,2016
478,patrick christopher,379010,2015
2458,brandon jennings,2222803,2019
968,corey hawkins,525093,2016
38,andre iguodala,12289544,2015
1106,courtney lee,11242000,2017
1885,jarrett allen,2034120,2018
1921,jerami grant,1524305,2018
1610,nicolas batum,24000000,2018
1864,rondae hollis-jefferson,2470357,2018
2182,demar derozan,27739975,2019
2637,danuel house jr.,247827,2019
2162,david stockton,44495,2018
896,chris babb,947276,2016
2830,lance thomas,7119650,2020
2565,brandon paul,1378242,2019
631,gerald henderson,6000000,2016
2820,jae crowder,7815533,2020
2612,isaiah briscoe,838464,2019
109,jodie meeks,6000000,2015
2833,darius miller,7000000,2020
1790,jaylen brown,4956480,2018
240,shelvin mack,2433333,2015
885,rasual butler,947276,2016
1630,jeff teague,19000000,2018
1369,kevon looney,1182840,2017
2643,cameron reynolds,108953,2019
2378,wendell carter jr.,4441200,2019
1803,alex len,4187599,2018
598,trevor ariza,8193030,2016
193,alexey shved,3282056,2015
2590,alfonzo mckinnie,1349383,2019
1728,yi jianlian,8000000,2018
448,jordan clarkson,507336,2015
1460,kevin murphy,874636,2017
518,dwyane wade,20000000,2016
452,markel brown,507336,2015
3151,vlatko cancar,898310,2020
1094,marvin williams,12250000,2017
415,casper ware,816482,2015
223,terrence ross,2793960,2015
647,nick young,5219169,2016
554,tony parker,13437500,2016
534,tobias harris,16000000,2016
185,mirza teletovic,3368100,2015
2335,jayson tatum,6700800,2019
1884,kendall marshall,2048257,2018
403,jerami grant,884879,2015
1638,kent bazemore,18089887,2018
670,alexis ajinca,4389607,2016
1355,timothe luwawu-cabarrot,1326960,2017
3101,jevon carter,1416852,2020
537,james harden,15756438,2016
1735,corey brewer,7579366,2018
2854,trey lyles,5500000,2020
1983,kyle wiltjer,1312611,2018
2105,emeka okafor,592030,2018
1762,spencer hawes,6061175,2018
2908,jerome robinson,3567720,2020
2647,greg monroe,59820,2019
1773,jared sullinger,5628000,2018
211,travis outlaw,3000000,2015
3095,deonte burton,1416852,2020
3115,jaylen morris,1378242,2020
1600,damian lillard,26153057,2018
2849,jarrett culver,5813640,2020
2874,jamychal green,4767000,2020
2963,skal labissiere,2338847,2020
1048,kawhi leonard,17638063,2017
1096,stephen curry,12112359,2017
1913,trey burke,1544951,2018
2185,cj mccollum,25759766,2019
2683,nikola vucevic,28000000,2020
53,marcin gortat,10434782,2015
1133,tiago splitter,8550000,2017
1605,hassan whiteside,25434262,2018
1016,kevin durant,26540100,2017
1340,jordan adams,1465080,2017
512,carmelo anthony,22875000,2016
1301,zach lavine,2240880,2017
2544,gerald green,1512601,2019
2599,isaac bonga,1000000,2019
2660,theo pinson,4737,2019
1186,josh mcroberts,5782450,2017
1083,jamal crawford,13253012,2017
2045,phil pressey,980431,2018
1019,russell westbrook,26540100,2017
2358,demarcus cousins,5337000,2019
206,harrison barnes,3049920,2015
1060,klay thompson,16663575,2017
1281,jakob poeltl,2703960,2017
1378,glenn robinson iii,1050500,2017
3119,zhou qi,1378242,2020
2633,henry ellenson,341831,2019
1713,norman powell,9367200,2018
741,kevin seraphin,2814000,2016
1413,toure' murry,980431,2017
1606,joel embiid,25250000,2018
1680,kelly olynyk,12537527,2018
1419,jason terry,980431,2017
1691,derrick favors,12000000,2018
2601,de'anthony melton,949000,2019
3039,thabo sefolosha,1620564,2020
1350,nikola jokic,1358500,2017
148,andre miller,4650000,2015
3159,marquese chriss,654469,2020
2507,pascal siakam,1544951,2019
1640,wesley matthews,17884176,2018
2844,trae young,6273000,2020
425,phil pressey,816482,2015
822,sasha kaun,1276000,2016
234,andre drummond,2568360,2015
777,cameron payne,2021520,2016
1510,gracin bakumanya,543471,2017
566,al horford,12000000,2016
2253,joe ingles,13045455,2019
2898,shai gilgeous-alexander,3952920,2020
1984,daniel ochefu,1312611,2018
1813,quincy pondexter,3853931,2018
2338,nemanja bjelica,6500000,2019
102,greivis vasquez,6400000,2015
1104,jeremy lin,11483254,2017
357,will barton,915243,2015
2347,jaren jackson jr.,5915040,2019
1459,branden dawson,874636,2017
2556,noah vonleh,1512601,2019
1816,frank kaminsky,3627842,2018
3136,daniel gafford,898310,2020
519,lamarcus aldridge,19689000,2016
2708,rudy gobert,23241573,2020
2306,kyle anderson,8641000,2019
1330,jerian grant,1643040,2017
268,john salmons,2000000,2015
2188,bradley beal,25434263,2019
2099,maxi kleber,815615,2018
1757,tim duncan,6393750,2018
1262,kelly olynyk,3094014,2017
2343,josh jackson,6041520,2019
2640,dairis bertans,194220,2019
2537,jamal crawford,1512601,2019
1035,derrick rose,21323252,2017
2007,edy tavares,1312611,2018
